config/train_loop_config/dataset_test_round,config/train_loop_config/learning_rate,config/train_loop_config/dropout_rate,config/train_loop_config/weight_decay,config/train_loop_config/batch_size,average_inner_es_loss,average_inner_es_accuracy,average_inner_es_precision,average_inner_es_recall,average_inner_es_specificity,average_inner_es_f1_score,average_inner_es_mcc,average_inner_es_auroc,average_inner_es_auprc,average_inner_es_true_positives,average_inner_es_false_negatives,average_inner_es_false_positives,average_inner_es_true_negatives,average_val_loss,average_val_accuracy,average_val_precision,average_val_recall,average_val_specificity,average_val_f1_score,average_val_mcc,average_val_auroc,average_val_auprc,average_val_true_positives,average_val_false_negatives,average_val_false_positives,average_val_true_negatives
0,0.001,0.0,0.001,506,0.31372194886207583,0.8830769300460816,0.84957063,0.97948724,0.7384615,0.90966034,0.7628421,0.8989153,0.9181347,19.2,6.8,0.8,38.2,0.33088924288749694,0.8786728501319885,0.8556776,0.96318024,0.75,0.9055311,0.7508293,0.88008344,0.87526864,24.0,8.0,1.8,47.0
1,0.001,0.0,0.001,506,0.3271070748567581,0.8861538529396057,0.85430545,0.97948724,0.7461539,0.91216147,0.7686223,0.8820513,0.87688065,19.4,6.6,0.8,38.2,0.3552259862422943,0.8812037110328674,0.8525348,0.97551024,0.7375,0.90846187,0.76106036,0.85436726,0.8500908,23.6,8.4,1.2,47.6
2,0.001,0.0,0.001,506,0.36722519993782043,0.8584615468978882,0.8380312,0.94871795,0.72307694,0.8894275,0.7073886,0.8625247,0.86464214,18.8,7.2,2.0,37.0,0.35500265955924987,0.868950617313385,0.8437158,0.96318024,0.725,0.8992162,0.7281215,0.8782592,0.8816309,23.2,8.8,1.8,47.0
3,0.001,0.0,0.001,506,0.30267452001571654,0.892307698726654,0.8611736,0.9794871,0.7615384,0.9163269,0.7802934,0.8967455,0.9078065,19.8,6.2,0.8,38.2,0.3231036841869354,0.8911419749259949,0.86261827,0.9754251,0.7625,0.9155159,0.7757236,0.87511957,0.8758977,24.4,7.6,1.2,47.6
4,0.001,0.0,0.001,506,0.33439263701438904,0.8676923155784607,0.8501724,0.95384616,0.7384616,0.897122,0.72967184,0.87929,0.88477916,19.2,6.8,1.8,37.2,0.37098023295402527,0.878734576702118,0.8532939,0.96709186,0.74375,0.9062656,0.7494481,0.84489805,0.8367739,23.8,8.2,1.6,47.2
5,0.001,0.0,0.001,506,0.3736161649227142,0.8615384697914124,0.8336609,0.96410257,0.70769227,0.8932551,0.7186343,0.8431953,0.84522325,18.4,7.6,1.4,37.6,0.36071238815784457,0.8811728358268738,0.8547953,0.9710884,0.74375,0.908457,0.756405,0.8617147,0.86887836,23.8,8.2,1.4,47.4
6,0.001,0.0,0.001,506,0.3550243854522705,0.8738461613655091,0.83571243,0.98461545,0.70769227,0.9038986,0.7451766,0.8349112,0.8244632,18.4,7.6,0.6,38.4,0.3405499577522278,0.8786419868469239,0.85629445,0.9630953,0.75,0.9059943,0.7488455,0.87112033,0.86977035,24.0,8.0,1.8,47.0
7,0.001,0.0,0.001,506,0.34274375438690186,0.8738461613655091,0.8458708,0.9692308,0.7307693,0.9025365,0.743318,0.8660749,0.87552226,19.0,7.0,1.2,37.8,0.31948562860488894,0.8911111116409302,0.86521167,0.9713435,0.76875,0.91515046,0.77484614,0.8718856,0.8601491,24.6,7.4,1.4,47.4
8,0.001,0.0,0.001,506,0.3796595811843872,0.8584615468978882,0.838123,0.94871795,0.72307694,0.88961375,0.7061697,0.84635115,0.8427599,18.8,7.2,2.0,37.0,0.3686112105846405,0.8861419796943665,0.85579693,0.9795068,0.74375,0.91293895,0.76701605,0.8629079,0.86666185,23.8,8.2,1.0,47.8
9,0.001,0.0,0.001,506,0.2896448850631714,0.9015384674072265,0.86681044,0.9897436,0.7692308,0.9238979,0.8012079,0.9068047,0.9032138,20.0,6.0,0.4,38.6,0.3521009087562561,0.8787345647811889,0.8454894,0.97959185,0.725,0.9073981,0.75195885,0.85256034,0.84211427,23.2,8.8,1.0,47.8
0,0.001,0.2,0.001,506,0.3100610673427582,0.8861538529396057,0.850247,0.98461545,0.7384615,0.91223735,0.77057606,0.8874754,0.8962928,19.2,6.8,0.6,38.4,0.3184292674064636,0.8934876561164856,0.8611223,0.9835884,0.75625,0.9178848,0.7838537,0.8761772,0.8746074,24.2,7.8,0.8,48.0
1,0.001,0.2,0.001,506,0.3159841299057007,0.8830769300460816,0.8506977,0.97948724,0.73846155,0.9100274,0.76278466,0.88441813,0.87859,19.2,6.8,0.8,38.2,0.3448130488395691,0.8812037110328674,0.8525348,0.97551024,0.7375,0.90846187,0.76106036,0.85761184,0.8589951,23.6,8.4,1.2,47.6
2,0.001,0.2,0.001,506,0.3566903233528137,0.8615384697914124,0.83866966,0.95384616,0.72307694,0.89207697,0.7146037,0.87061137,0.8790229,18.8,7.2,1.8,37.2,0.3444936215877533,0.8763888955116272,0.8475105,0.9714286,0.73125,0.905097,0.744697,0.870848,0.8705369,23.4,8.6,1.4,47.4
3,0.001,0.2,0.001,506,0.3012879818677902,0.8953846216201782,0.85866153,0.9897436,0.75384617,0.9192988,0.78970295,0.89635104,0.9032863,19.6,6.4,0.4,38.6,0.31087287068367003,0.8936419725418091,0.86303747,0.97959185,0.7625,0.9176127,0.7816515,0.8786539,0.88667536,24.4,7.6,1.0,47.8
4,0.001,0.2,0.001,506,0.323594331741333,0.8830769300460816,0.85234433,0.97948724,0.7384616,0.910529,0.7630938,0.86213017,0.8566424,19.2,6.8,0.8,38.2,0.36190035939216614,0.8762654423713684,0.84739685,0.97117347,0.73125,0.9046833,0.7462859,0.85920495,0.85037166,23.4,8.6,1.4,47.4
5,0.001,0.2,0.001,506,0.35641028881073,0.8707692384719848,0.83567846,0.97948724,0.70769227,0.901116,0.74082863,0.8388559,0.8356698,18.4,7.6,0.8,38.2,0.35324710309505464,0.8836419701576232,0.8534247,0.9792517,0.7375,0.91089153,0.76533437,0.8604392,0.8581932,23.6,8.4,1.0,47.8
6,0.001,0.2,0.001,506,0.34211350083351133,0.8738461613655091,0.83571243,0.98461545,0.70769227,0.9038986,0.7451766,0.83214986,0.808914,18.4,7.6,0.6,38.4,0.3305167853832245,0.8786111116409302,0.8518275,0.9712585,0.7375,0.90680456,0.75151837,0.8648119,0.85900944,23.6,8.4,1.4,47.4
7,0.001,0.2,0.001,506,0.3339987874031067,0.8800000071525573,0.84707534,0.97948724,0.7307693,0.9077625,0.7580403,0.8603551,0.8579712,19.0,7.0,0.8,38.2,0.30479554235935213,0.8960493803024292,0.86353415,0.9835884,0.7625,0.91962165,0.7876132,0.87250215,0.86298007,24.4,7.6,0.8,48.0
8,0.001,0.2,0.001,506,0.3737192153930664,0.8615384697914124,0.8389556,0.95384616,0.72307694,0.89224035,0.7139147,0.85069036,0.85164225,18.8,7.2,1.8,37.2,0.3500277429819107,0.888611114025116,0.85631645,0.9835884,0.74375,0.91502684,0.7729185,0.8742493,0.87794054,23.8,8.2,0.8,48.0
9,0.001,0.2,0.001,506,0.28486295938491824,0.9015384674072265,0.86681044,0.9897436,0.7692308,0.9238979,0.8012079,0.90384614,0.901707,20.0,6.0,0.4,38.6,0.33750941753387453,0.8787345647811889,0.84607965,0.97959185,0.725,0.90734357,0.7538269,0.85654366,0.84951437,23.2,8.8,1.0,47.8
0,0.001,0.4,0.001,506,0.3071917951107025,0.8861538529396057,0.850247,0.98461545,0.7384615,0.91223735,0.77057606,0.88372785,0.8998003,19.2,6.8,0.6,38.4,0.316544771194458,0.891018521785736,0.8605779,0.9795068,0.75625,0.9158394,0.777535,0.8746997,0.8691432,24.2,7.8,1.0,47.8
1,0.001,0.4,0.001,506,0.3127366840839386,0.8892307758331299,0.85215414,0.9897436,0.73846155,0.9151691,0.7787801,0.8802761,0.87168485,19.2,6.8,0.4,38.6,0.34669079780578616,0.8812037110328674,0.8525348,0.97551024,0.7375,0.90846187,0.76106036,0.8542477,0.8556024,23.6,8.4,1.2,47.6
2,0.001,0.4,0.001,506,0.34867973923683165,0.8707692384719848,0.8411457,0.9692308,0.72307694,0.90008783,0.7368897,0.87218934,0.8814772,18.8,7.2,1.2,37.8,0.3358402609825134,0.8763888955116272,0.8451597,0.97551024,0.725,0.9054869,0.74583757,0.87747526,0.87805575,23.2,8.8,1.2,47.6
3,0.001,0.4,0.001,506,0.298186844587326,0.8953846216201782,0.85866153,0.9897436,0.75384617,0.9192988,0.78970295,0.89339256,0.89877164,19.6,6.4,0.4,38.6,0.3055913090705872,0.8911728382110595,0.8601553,0.97959185,0.75625,0.9159595,0.7765016,0.8864477,0.89486825,24.2,7.8,1.0,47.8
4,0.001,0.4,0.001,506,0.3280723452568054,0.8769230842590332,0.85233146,0.9692308,0.7384616,0.90490067,0.7529277,0.8696253,0.865404,19.2,6.8,1.2,37.8,0.33873910903930665,0.878734576702118,0.8480018,0.97525513,0.73125,0.90676403,0.7524646,0.858809,0.84695804,23.4,8.6,1.2,47.6
5,0.001,0.4,0.001,506,0.3522515296936035,0.8707692384719848,0.83567846,0.97948724,0.70769227,0.901116,0.74082863,0.835503,0.83716154,18.4,7.6,0.8,38.2,0.357710662484169,0.8836419701576232,0.8534247,0.9792517,0.7375,0.91089153,0.76533437,0.85279685,0.8445393,23.6,8.4,1.0,47.8
6,0.001,0.4,0.001,506,0.3375204145908356,0.8738461613655091,0.83571243,0.98461545,0.70769227,0.9038986,0.7451766,0.83392507,0.8198641,18.4,7.6,0.6,38.4,0.3274685233831406,0.8786110997200012,0.85147345,0.9712585,0.7375,0.9068686,0.75008714,0.8664567,0.86569834,23.6,8.4,1.4,47.4
7,0.001,0.4,0.001,506,0.3296783596277237,0.8800000071525573,0.84707534,0.97948724,0.7307693,0.9077625,0.7580403,0.86706114,0.87124,19.0,7.0,0.8,38.2,0.3043178081512451,0.8960493803024292,0.86353415,0.9835884,0.7625,0.91962165,0.7876132,0.8731452,0.8619583,24.4,7.6,0.8,48.0
8,0.001,0.4,0.001,506,0.3650608867406845,0.8615384697914124,0.8389556,0.95384616,0.72307694,0.89224035,0.7139147,0.84753454,0.84430265,18.8,7.2,1.8,37.2,0.34008347392082217,0.8836728453636169,0.8549372,0.9754251,0.74375,0.9108427,0.76027346,0.874616,0.88162804,23.8,8.2,1.2,47.6
9,0.001,0.4,0.001,506,0.2849473565816879,0.9046153903007508,0.8674165,0.9948718,0.7692308,0.92647964,0.80871475,0.900493,0.89854795,20.0,6.0,0.2,38.8,0.34361075758934023,0.8787345647811889,0.84607965,0.97959185,0.725,0.90734357,0.7538269,0.85422915,0.845211,23.2,8.8,1.0,47.8
0,0.0001,0.0,0.001,506,0.3226510137319565,0.8830769300460816,0.84957063,0.97948724,0.7384615,0.90966034,0.7628421,0.8922092,0.9082322,19.2,6.8,0.8,38.2,0.3274957686662674,0.8836111187934875,0.85905343,0.9672619,0.75625,0.9095317,0.7601796,0.876132,0.87457734,24.2,7.8,1.6,47.2
1,0.0001,0.0,0.001,506,0.34012494087219236,0.8800000071525573,0.85006344,0.97435904,0.73846155,0.90738267,0.75565314,0.874359,0.8715337,19.2,6.8,1.0,38.0,0.3476322591304779,0.878734576702118,0.8521802,0.9714286,0.7375,0.90618527,0.756342,0.8604127,0.8613636,23.6,8.4,1.4,47.4
2,0.0001,0.0,0.001,506,0.37430656552314756,0.8615384697914124,0.83866966,0.95384616,0.72307694,0.89207697,0.7146037,0.8601578,0.8621314,18.8,7.2,1.8,37.2,0.35056462287902834,0.8714197516441345,0.8465212,0.96318024,0.73125,0.9008776,0.7329987,0.86710644,0.86746484,23.4,8.6,1.8,47.0
3,0.0001,0.0,0.001,506,0.3132444113492966,0.892307698726654,0.858133,0.9846153,0.75384617,0.91671294,0.7824143,0.88708097,0.89955825,19.6,6.4,0.6,38.4,0.3181377649307251,0.8936419725418091,0.8656999,0.97551024,0.76875,0.9173196,0.7805499,0.87702227,0.88396835,24.6,7.4,1.2,47.6
4,0.0001,0.0,0.001,506,0.3492472767829895,0.8707692384719848,0.8510051,0.95897436,0.7384616,0.8997485,0.73741686,0.8627219,0.85752803,19.2,6.8,1.6,37.4,0.37203373312950133,0.878734576702118,0.8532939,0.96709186,0.74375,0.9062656,0.7494481,0.8488495,0.8447345,23.8,8.2,1.6,47.2
5,0.0001,0.0,0.001,506,0.3786896824836731,0.8615384697914124,0.8336609,0.96410257,0.70769227,0.8932551,0.7186343,0.83688366,0.8389069,18.4,7.6,1.4,37.6,0.36301875710487364,0.8787037014961243,0.85421085,0.9670068,0.74375,0.9064148,0.7499267,0.85980684,0.86776197,23.8,8.2,1.6,47.2
6,0.0001,0.0,0.001,506,0.3616476893424988,0.8769230842590332,0.83913517,0.98461545,0.7153846,0.90592325,0.75146747,0.8325443,0.80556095,18.6,7.4,0.6,38.4,0.34444629549980166,0.8835802555084229,0.85501134,0.9753402,0.74375,0.91058856,0.76194596,0.864493,0.86435163,23.8,8.2,1.2,47.6
7,0.0001,0.0,0.001,506,0.351628577709198,0.8707692384719848,0.8452064,0.96410257,0.7307693,0.8998264,0.736517,0.8625247,0.8584014,19.0,7.0,1.4,37.6,0.3205117046833038,0.8935802459716797,0.8657756,0.9754251,0.76875,0.917235,0.7808845,0.88208973,0.8810212,24.6,7.4,1.2,47.6
8,0.0001,0.0,0.001,506,0.3819153070449829,0.855384624004364,0.8375945,0.9435898,0.72307694,0.88702786,0.6988811,0.8447732,0.8384678,18.8,7.2,2.2,36.8,0.3568062484264374,0.8861419796943665,0.85579693,0.9795068,0.74375,0.91293895,0.76701605,0.8644465,0.86270344,23.8,8.2,1.0,47.8
9,0.0001,0.0,0.001,506,0.30247142910957336,0.8984615445137024,0.86646193,0.9846153,0.7692308,0.9213053,0.7943366,0.9115384,0.9104881,20.0,6.0,0.6,38.4,0.3523794591426849,0.8737962961196899,0.8446347,0.9714286,0.725,0.90316856,0.74088824,0.85131395,0.8384948,23.2,8.8,1.4,47.4
0,0.0001,0.2,0.001,506,0.32346864342689513,0.8830769300460816,0.84957063,0.97948724,0.7384615,0.90966034,0.7628421,0.8922092,0.9037641,19.2,6.8,0.8,38.2,0.32625643312931063,0.8860802531242371,0.85961735,0.9713435,0.75625,0.91161615,0.76621795,0.883405,0.88098735,24.2,7.8,1.4,47.4
1,0.0001,0.2,0.001,506,0.32911316156387327,0.8830769300460816,0.8506977,0.97948724,0.73846155,0.9100274,0.76278466,0.87554246,0.86173755,19.2,6.8,0.8,38.2,0.3451118230819702,0.8812037110328674,0.8525348,0.97551024,0.7375,0.90846187,0.76106036,0.85944015,0.8629788,23.6,8.4,1.2,47.6
2,0.0001,0.2,0.001,506,0.36936249732971194,0.8646153926849365,0.8395947,0.95897436,0.72307694,0.8947582,0.722122,0.86469424,0.87000114,18.8,7.2,1.6,37.4,0.3484636962413788,0.8739197492599488,0.84688395,0.96734697,0.73125,0.90297663,0.73878574,0.8671516,0.8665026,23.4,8.6,1.6,47.2
3,0.0001,0.2,0.001,506,0.30554158985614777,0.8953846216201782,0.85866153,0.9897436,0.75384617,0.9192988,0.78970295,0.89852065,0.91386205,19.6,6.4,0.4,38.6,0.3133489668369293,0.8911728382110595,0.8601553,0.97959185,0.75625,0.9159595,0.7765016,0.87239325,0.87886703,24.2,7.8,1.0,47.8
4,0.0001,0.2,0.001,506,0.34601029753685,0.8676923155784607,0.8502072,0.95384616,0.7384616,0.89718235,0.7291945,0.8686391,0.8697235,19.2,6.8,1.8,37.2,0.3593956708908081,0.8812037110328674,0.8538988,0.97117347,0.74375,0.90834635,0.7556268,0.85906667,0.852691,23.8,8.2,1.4,47.4
5,0.0001,0.2,0.001,506,0.3737732648849487,0.8615384697914124,0.8336609,0.96410257,0.70769227,0.8932551,0.7186343,0.8412229,0.84344923,18.4,7.6,1.4,37.6,0.36469250321388247,0.8787037014961243,0.85202694,0.9710884,0.7375,0.90679204,0.7516948,0.8576623,0.85933435,23.6,8.4,1.4,47.4
6,0.0001,0.2,0.001,506,0.35380913615226744,0.8738461613655091,0.83571243,0.98461545,0.70769227,0.9038986,0.7451766,0.8331361,0.81449187,18.4,7.6,0.6,38.4,0.34253538548946383,0.8811111211776733,0.85470974,0.9712585,0.74375,0.9084895,0.7565564,0.86859846,0.86750305,23.8,8.2,1.4,47.4
7,0.0001,0.2,0.001,506,0.3471668243408203,0.8738461613655091,0.84594643,0.9692308,0.7307693,0.9023982,0.7444886,0.86923075,0.87231797,19.0,7.0,1.2,37.8,0.31241507530212403,0.8960493803024292,0.86617965,0.9795068,0.76875,0.9192888,0.78675914,0.87076414,0.8554757,24.6,7.4,1.0,47.8
8,0.0001,0.2,0.001,506,0.3815414547920227,0.8584615468978882,0.83842707,0.94871795,0.72307694,0.88965434,0.70662606,0.84832346,0.84106666,18.8,7.2,2.0,37.0,0.3604748845100403,0.8861419796943665,0.85579693,0.9795068,0.74375,0.91293895,0.76701605,0.8668647,0.8738921,23.8,8.2,1.0,47.8
9,0.0001,0.2,0.001,506,0.29696022868156435,0.8984615445137024,0.86646193,0.9846153,0.7692308,0.9213053,0.7943366,0.9095661,0.90863764,20.0,6.0,0.6,38.4,0.3531243324279785,0.8737962961196899,0.8446347,0.9714286,0.725,0.90316856,0.74088824,0.8550104,0.83926374,23.2,8.8,1.4,47.4
0,0.0001,0.4,0.001,506,0.3162494897842407,0.8830769300460816,0.84957063,0.97948724,0.7384615,0.90966034,0.7628421,0.89733726,0.90862113,19.2,6.8,0.8,38.2,0.3176331967115402,0.8860802531242371,0.85961735,0.9713435,0.75625,0.91161615,0.76621795,0.8825281,0.881464,24.2,7.8,1.4,47.4
1,0.0001,0.4,0.001,506,0.325764462351799,0.8800000071525573,0.85006344,0.97435904,0.73846155,0.90738267,0.75565314,0.8798817,0.86478055,19.2,6.8,1.0,38.0,0.3378404974937439,0.8812037110328674,0.8525348,0.97551024,0.7375,0.90846187,0.76106036,0.86234456,0.86492604,23.6,8.4,1.2,47.6
2,0.0001,0.4,0.001,506,0.3620840132236481,0.8646153926849365,0.8398752,0.95897436,0.72307694,0.8947961,0.72258174,0.8674556,0.87191266,18.8,7.2,1.6,37.4,0.34317430555820466,0.8763888955116272,0.84751064,0.9714286,0.73125,0.905097,0.744697,0.8674386,0.86136293,23.4,8.6,1.4,47.4
3,0.0001,0.4,0.001,506,0.3022682785987854,0.8953846216201782,0.85866153,0.9897436,0.75384617,0.9192988,0.78970295,0.89714,0.89830863,19.6,6.4,0.4,38.6,0.3068736016750336,0.8936419725418091,0.8632722,0.97959185,0.7625,0.91771764,0.7814178,0.8749601,0.8817495,24.4,7.6,1.0,47.8
4,0.0001,0.4,0.001,506,0.3435976505279541,0.8707692384719848,0.85100496,0.95897436,0.7384616,0.8997486,0.73741686,0.86804736,0.8660306,19.2,6.8,1.6,37.4,0.3512280941009521,0.878734576702118,0.85059917,0.97117347,0.7375,0.9065167,0.75078714,0.86278707,0.85739785,23.6,8.4,1.4,47.4
5,0.0001,0.4,0.001,506,0.3669652879238129,0.8646153926849365,0.8342951,0.9692308,0.70769227,0.8958999,0.7257658,0.8408284,0.8449788,18.4,7.6,1.2,37.8,0.3637223482131958,0.8811728358268738,0.8527373,0.97517,0.7375,0.9088605,0.75832814,0.86094683,0.86051714,23.6,8.4,1.2,47.6
6,0.0001,0.4,0.001,506,0.34804229736328124,0.8738461613655091,0.83571243,0.98461545,0.70769227,0.9038986,0.7451766,0.8285996,0.80325854,18.4,7.6,0.6,38.4,0.3397845089435577,0.8786111116409302,0.8518275,0.9712585,0.7375,0.90680456,0.75151837,0.8661378,0.8601591,23.6,8.4,1.4,47.4
7,0.0001,0.4,0.001,506,0.34235175848007204,0.8769230842590332,0.84661084,0.9743589,0.7307693,0.9051083,0.75128967,0.85798824,0.8555414,19.0,7.0,1.0,38.0,0.3063806056976318,0.8960493803024292,0.86617965,0.9795068,0.76875,0.9192888,0.78675914,0.87358105,0.8639143,24.6,7.4,1.0,47.8
8,0.0001,0.4,0.001,506,0.37814963459968565,0.8584615468978882,0.838123,0.94871795,0.72307694,0.88961375,0.7061697,0.8449704,0.84311867,18.8,7.2,2.0,37.0,0.3459641247987747,0.8861419796943665,0.85579693,0.9795068,0.74375,0.91293895,0.76701605,0.87285423,0.88456935,23.8,8.2,1.0,47.8
9,0.0001,0.4,0.001,506,0.2996219962835312,0.8953846216201782,0.86582774,0.97948724,0.7692308,0.9186605,0.7872051,0.9083826,0.9015271,20.0,6.0,0.8,38.2,0.3490977644920349,0.8762654304504395,0.84732324,0.9714286,0.73125,0.9047607,0.74607396,0.84965324,0.83720267,23.4,8.6,1.4,47.4
0,1e-05,0.0,0.001,506,0.3230862975120544,0.8861538529396057,0.850247,0.98461545,0.7384615,0.91223735,0.77057606,0.8880671,0.9000584,19.2,6.8,0.6,38.4,0.32675076425075533,0.8836111187934875,0.85905343,0.9672619,0.75625,0.9095317,0.7601796,0.87587154,0.8735307,24.2,7.8,1.6,47.2
1,1e-05,0.0,0.001,506,0.34073156118392944,0.8800000071525573,0.85006344,0.97435904,0.73846155,0.90738267,0.75565314,0.87376726,0.8720711,19.2,6.8,1.0,38.0,0.3489002823829651,0.878734576702118,0.8521802,0.9714286,0.7375,0.90618527,0.756342,0.8601469,0.8625587,23.6,8.4,1.4,47.4
2,1e-05,0.0,0.001,506,0.3782470464706421,0.8584615468978882,0.8380636,0.94871795,0.72307694,0.8894952,0.7070968,0.8564102,0.8557049,18.8,7.2,2.0,37.0,0.3504684567451477,0.8763888955116272,0.8475105,0.9714286,0.73125,0.905097,0.744697,0.8686477,0.8694852,23.4,8.6,1.4,47.4
3,1e-05,0.0,0.001,506,0.31376520097255706,0.8953846216201782,0.85866153,0.9897436,0.75384617,0.9192988,0.78970295,0.88491124,0.8947865,19.6,6.4,0.4,38.6,0.31634156703948973,0.8936419725418091,0.8656999,0.97551024,0.76875,0.9173196,0.7805499,0.8757334,0.88647664,24.6,7.4,1.2,47.6
4,1e-05,0.0,0.001,506,0.35194569230079653,0.8676923155784607,0.8501724,0.95384616,0.7384616,0.897122,0.72967184,0.86291915,0.85709685,19.2,6.8,1.8,37.2,0.36455185413360597,0.878734576702118,0.8532939,0.96709186,0.74375,0.9062656,0.7494481,0.8480841,0.84733135,23.8,8.2,1.6,47.2
5,1e-05,0.0,0.001,506,0.37784931659698484,0.8615384697914124,0.8336609,0.96410257,0.70769227,0.8932551,0.7186343,0.8366863,0.8402592,18.4,7.6,1.4,37.6,0.3631802499294281,0.8787037014961243,0.85421085,0.9670068,0.74375,0.9064148,0.7499267,0.8601974,0.8691062,23.8,8.2,1.6,47.2
6,1e-05,0.0,0.001,506,0.363243442773819,0.8769230842590332,0.83913517,0.98461545,0.7153846,0.90592325,0.75146747,0.82879674,0.81047904,18.6,7.4,0.6,38.4,0.3447304964065552,0.8786111116409302,0.8518275,0.9712585,0.7375,0.90680456,0.75151837,0.86410505,0.8598081,23.6,8.4,1.4,47.4
7,1e-05,0.0,0.001,506,0.3539628326892853,0.8738461613655091,0.84594643,0.9692308,0.7307693,0.9023982,0.7444886,0.8609468,0.8601673,19.0,7.0,1.2,37.8,0.3227477788925171,0.8935802459716797,0.8657756,0.9754251,0.76875,0.917235,0.7808845,0.87472093,0.8732356,24.6,7.4,1.2,47.6
8,1e-05,0.0,0.001,506,0.383467024564743,0.8584615468978882,0.83842707,0.94871795,0.72307694,0.88965434,0.70662606,0.8414202,0.8355234,18.8,7.2,2.0,37.0,0.3555285096168518,0.8836728453636169,0.85511893,0.9754251,0.74375,0.91086626,0.7605408,0.8670081,0.86372834,23.8,8.2,1.2,47.6
9,1e-05,0.0,0.001,506,0.30568685829639436,0.892307698726654,0.8652217,0.9743589,0.7692308,0.91607875,0.7796982,0.910355,0.90990144,20.0,6.0,1.0,38.0,0.3543755352497101,0.8762654304504395,0.84732324,0.9714286,0.73125,0.9047607,0.74607396,0.849887,0.8335999,23.4,8.6,1.4,47.4
0,1e-05,0.2,0.001,506,0.32874295115470886,0.8830769300460816,0.8529533,0.9743589,0.74615383,0.90924895,0.7618524,0.88589746,0.8908402,19.4,6.6,1.0,38.0,0.32880695462226867,0.8860802531242371,0.85961735,0.9713435,0.75625,0.91161615,0.76621795,0.8795972,0.8747984,24.2,7.8,1.4,47.4
1,1e-05,0.2,0.001,506,0.33961268365383146,0.8830769300460816,0.8544769,0.97435904,0.7461539,0.90972835,0.761917,0.87238663,0.8572011,19.4,6.6,1.0,38.0,0.34462244510650636,0.8812037110328674,0.8525348,0.97551024,0.7375,0.90846187,0.76106036,0.86508954,0.86273605,23.6,8.4,1.2,47.6
2,1e-05,0.2,0.001,506,0.3770186543464661,0.8646153926849365,0.8398752,0.95897436,0.72307694,0.8947961,0.72258174,0.8489152,0.84776896,18.8,7.2,1.6,37.4,0.35336931943893435,0.873888897895813,0.84714776,0.9672619,0.73125,0.902998,0.73890996,0.8661047,0.86876106,23.4,8.6,1.6,47.2
3,1e-05,0.2,0.001,506,0.3135308980941772,0.8953846216201782,0.85866153,0.9897436,0.75384617,0.9192988,0.78970295,0.88688374,0.8953856,19.6,6.4,0.4,38.6,0.3150608420372009,0.8936419725418091,0.8632722,0.97959185,0.7625,0.91771764,0.7814178,0.87557936,0.88765967,24.4,7.6,1.0,47.8
4,1e-05,0.2,0.001,506,0.35420534014701843,0.8676923155784607,0.85045135,0.95384616,0.7384616,0.8970987,0.7304777,0.87554246,0.8825712,19.2,6.8,1.8,37.2,0.3520819664001465,0.878734576702118,0.8532939,0.96709186,0.74375,0.9062656,0.7494481,0.8621626,0.8582422,23.8,8.2,1.6,47.2
5,1e-05,0.2,0.001,506,0.3770797550678253,0.8615384697914124,0.8336609,0.96410257,0.70769227,0.8932551,0.7186343,0.8390533,0.84188974,18.4,7.6,1.4,37.6,0.3622069895267487,0.8836419701576232,0.85550565,0.97517,0.74375,0.91052544,0.76303834,0.86102927,0.8667911,23.8,8.2,1.2,47.6
6,1e-05,0.2,0.001,506,0.3600125789642334,0.8769230842590332,0.83913517,0.98461545,0.7153846,0.90592325,0.75146747,0.8374753,0.82218,18.6,7.4,0.6,38.4,0.35048616528511045,0.8811111211776733,0.85470974,0.9712585,0.74375,0.9084895,0.7565564,0.86559045,0.863299,23.8,8.2,1.4,47.4
7,1e-05,0.2,0.001,506,0.3575428783893585,0.8738461613655091,0.8458708,0.9692308,0.7307693,0.9025365,0.743318,0.86745566,0.8626693,19.0,7.0,1.2,37.8,0.3239009141921997,0.8935802459716797,0.8657756,0.9754251,0.76875,0.917235,0.7808845,0.88666564,0.8890271,24.6,7.4,1.2,47.6
8,1e-05,0.2,0.001,506,0.38325193524360657,0.8615384697914124,0.8389556,0.95384616,0.72307694,0.89224035,0.7139147,0.84930974,0.84297574,18.8,7.2,1.8,37.2,0.3562836110591888,0.8861728429794311,0.858284,0.9754251,0.75,0.91265565,0.7654778,0.86995775,0.876667,24.0,8.0,1.2,47.6
9,1e-05,0.2,0.001,506,0.31379920840263364,0.892307698726654,0.8651632,0.9743589,0.7692308,0.9159505,0.78040403,0.9125247,0.9133747,20.0,6.0,1.0,38.0,0.3626908600330353,0.8762654304504395,0.84732324,0.9714286,0.73125,0.9047607,0.74607396,0.84887993,0.8349573,23.4,8.6,1.4,47.4
0,1e-05,0.4,0.001,506,0.33320127725601195,0.8800000071525573,0.8522463,0.9692308,0.74615383,0.90660983,0.75452346,0.88984215,0.89405936,19.4,6.6,1.2,37.8,0.32843891978263856,0.8885493874549866,0.86268747,0.97134364,0.7625,0.91337717,0.7709864,0.8791853,0.8635718,24.4,7.6,1.4,47.4
1,1e-05,0.4,0.001,506,0.346677702665329,0.8830769300460816,0.8544769,0.97435904,0.7461539,0.90972835,0.761917,0.8585798,0.8355197,19.4,6.6,1.0,38.0,0.3491452157497406,0.878734576702118,0.8520335,0.9714286,0.7375,0.9064134,0.7548948,0.86732435,0.8700603,23.6,8.4,1.4,47.4
2,1e-05,0.4,0.001,506,0.37548747658729553,0.8646153926849365,0.8398752,0.95897436,0.72307694,0.8947961,0.72258174,0.84654826,0.8441561,18.8,7.2,1.6,37.4,0.35496180653572085,0.8714197516441345,0.8465212,0.96318024,0.73125,0.9008776,0.7329987,0.8645846,0.8641224,23.4,8.6,1.8,47.0
3,1e-05,0.4,0.001,506,0.3191224753856659,0.8953846216201782,0.85866153,0.9897436,0.75384617,0.9192988,0.78970295,0.8892506,0.90271986,19.6,6.4,0.4,38.6,0.3200390160083771,0.8936419725418091,0.8632722,0.97959185,0.7625,0.91771764,0.7814178,0.87301505,0.88057727,24.4,7.6,1.0,47.8
4,1e-05,0.4,0.001,506,0.3533084452152252,0.8707692384719848,0.8510051,0.95897436,0.7384616,0.8997485,0.73741686,0.87731755,0.8832933,19.2,6.8,1.6,37.4,0.3494401931762695,0.8836728453636169,0.8544833,0.97525513,0.74375,0.91038865,0.7621051,0.86447704,0.8637354,23.8,8.2,1.2,47.6
5,1e-05,0.4,0.001,506,0.3766854166984558,0.8615384697914124,0.8336609,0.96410257,0.70769227,0.8932551,0.7186343,0.8370808,0.83777046,18.4,7.6,1.4,37.6,0.3609953820705414,0.8836419701576232,0.85550565,0.97517,0.74375,0.91052544,0.76303834,0.86090165,0.8676513,23.8,8.2,1.2,47.6
6,1e-05,0.4,0.001,506,0.3562751948833466,0.8769230842590332,0.83913517,0.98461545,0.7153846,0.90592325,0.75146747,0.8341223,0.82451135,18.6,7.4,0.6,38.4,0.3465753078460693,0.8786419749259948,0.854054,0.9671769,0.74375,0.90645444,0.7497356,0.8694515,0.8748342,23.8,8.2,1.6,47.2
7,1e-05,0.4,0.001,506,0.35661335587501525,0.8769230842590332,0.84661084,0.9743589,0.7307693,0.9051083,0.75128967,0.8688363,0.86862534,19.0,7.0,1.0,38.0,0.32393004894256594,0.8935802459716797,0.8657756,0.9754251,0.76875,0.917235,0.7808845,0.8864158,0.8868615,24.6,7.4,1.2,47.6
8,1e-05,0.4,0.001,506,0.3860872328281403,0.8584615468978882,0.83842707,0.94871795,0.72307694,0.88965434,0.70662606,0.8457594,0.83559144,18.8,7.2,2.0,37.0,0.3570774972438812,0.8812345743179322,0.8570439,0.9672619,0.75,0.9084158,0.75364214,0.868693,0.8746519,24.0,8.0,1.6,47.2
9,1e-05,0.4,0.001,506,0.3277021527290344,0.892307698726654,0.8651632,0.9743589,0.7692308,0.9159505,0.78040403,0.90779096,0.9008956,20.0,6.0,1.0,38.0,0.36988675594329834,0.8762654304504395,0.84732324,0.9714286,0.73125,0.9047607,0.74607396,0.85003316,0.8392291,23.4,8.6,1.4,47.4
0,0.001,0.0,0.01,506,0.3162925988435745,0.8861538529396057,0.850247,0.98461545,0.7384615,0.91223735,0.77057606,0.8969428,0.916247,19.2,6.8,0.6,38.4,0.3296576142311096,0.8786728501319885,0.8556776,0.96318024,0.75,0.9055311,0.7508293,0.8799639,0.87960654,24.0,8.0,1.8,47.0
1,0.001,0.0,0.01,506,0.3287699341773987,0.8830769300460816,0.8536712,0.97435904,0.7461539,0.9095167,0.76149076,0.8798817,0.8802967,19.4,6.6,1.0,38.0,0.35131622552871705,0.8812037110328674,0.8525348,0.97551024,0.7375,0.90846187,0.76106036,0.8526905,0.84907323,23.6,8.4,1.2,47.6
2,0.001,0.0,0.01,506,0.36596139669418337,0.8646153926849365,0.83933413,0.95897436,0.72307694,0.89478695,0.7214048,0.8729783,0.87699616,18.8,7.2,1.6,37.4,0.34739020466804504,0.8763888955116272,0.8451597,0.97551024,0.725,0.9054869,0.74583757,0.8786179,0.87629414,23.2,8.8,1.2,47.6
3,0.001,0.0,0.01,506,0.3039888650178909,0.8953846216201782,0.8619715,0.9846153,0.7615384,0.91889304,0.7885157,0.8947731,0.90658987,19.8,6.2,0.6,38.4,0.32194140553474426,0.8911419749259949,0.86261827,0.9754251,0.7625,0.9155159,0.7757236,0.87421083,0.8757326,24.4,7.6,1.2,47.6
4,0.001,0.0,0.01,506,0.3361184924840927,0.8676923155784607,0.8493036,0.95384616,0.7384616,0.8973163,0.72740877,0.86804736,0.86756194,19.2,6.8,1.8,37.2,0.3799326419830322,0.8737962961196899,0.8493676,0.9630102,0.7375,0.9023155,0.73869723,0.8508955,0.8511034,23.6,8.4,1.8,47.0
5,0.001,0.0,0.01,506,0.3734841525554657,0.8646153926849365,0.83436793,0.96923083,0.70769227,0.8958942,0.72596323,0.8378698,0.84119415,18.4,7.6,1.2,37.8,0.36274516582489014,0.8836419701576232,0.85550565,0.97517,0.74375,0.91052544,0.76303834,0.8550688,0.85638237,23.8,8.2,1.2,47.6
6,0.001,0.0,0.01,506,0.35795450806617735,0.8738461613655091,0.83571243,0.98461545,0.70769227,0.9038986,0.7451766,0.8301775,0.80775326,18.4,7.6,0.6,38.4,0.34577457308769227,0.8811111211776733,0.85470974,0.9712585,0.74375,0.9084895,0.7565564,0.8648464,0.8629862,23.8,8.2,1.4,47.4
7,0.001,0.0,0.01,506,0.34018644094467165,0.8738461613655091,0.8458708,0.9692308,0.7307693,0.9025365,0.743318,0.8583826,0.86231816,19.0,7.0,1.2,37.8,0.31388619542121887,0.8911111116409302,0.86521167,0.9713435,0.76875,0.91515046,0.77484614,0.87328863,0.862456,24.6,7.4,1.4,47.4
8,0.001,0.0,0.01,506,0.37822391390800475,0.8584615468978882,0.838123,0.94871795,0.72307694,0.88961375,0.7061697,0.84615386,0.8416626,18.8,7.2,2.0,37.0,0.35912455916404723,0.8861419796943665,0.85579693,0.9795068,0.74375,0.91293895,0.76701605,0.8648238,0.8658587,23.8,8.2,1.0,47.8
9,0.001,0.0,0.01,506,0.29529603719711306,0.8984615445137024,0.8662044,0.98461545,0.7692308,0.92131615,0.79370105,0.90443784,0.8979014,20.0,6.0,0.6,38.4,0.35282779932022096,0.8737654328346253,0.84450626,0.9713435,0.725,0.9032162,0.7399413,0.8534638,0.84336805,23.2,8.8,1.4,47.4
0,0.001,0.2,0.01,506,0.3141442984342575,0.8861538529396057,0.850247,0.98461545,0.7384615,0.91223735,0.77057606,0.8874754,0.8996291,19.2,6.8,0.6,38.4,0.3222654044628143,0.8885493874549866,0.85778713,0.9795068,0.75,0.9140976,0.7733606,0.8779257,0.8791355,24.0,8.0,1.0,47.8
1,0.001,0.2,0.01,506,0.3158954530954361,0.8892307758331299,0.8549115,0.98461545,0.7461539,0.91474324,0.7761291,0.8846154,0.8860487,19.4,6.6,0.6,38.4,0.34189130663871764,0.8812037110328674,0.8499106,0.97959185,0.73125,0.908964,0.7611823,0.8596846,0.8624055,23.4,8.6,1.0,47.8
2,0.001,0.2,0.01,506,0.35351104140281675,0.8676923155784607,0.8402592,0.96410257,0.72307694,0.8974682,0.7289231,0.8779093,0.8881035,18.8,7.2,1.4,37.6,0.3454648792743683,0.8763580322265625,0.8454019,0.9754251,0.725,0.9054686,0.7462292,0.87606686,0.8694582,23.2,8.8,1.2,47.6
3,0.001,0.2,0.01,506,0.30077767968177793,0.8953846216201782,0.8587391,0.9897436,0.75384617,0.91929466,0.78992116,0.8935898,0.9043546,19.6,6.4,0.4,38.6,0.31686240434646606,0.8961111068725586,0.86353874,0.98367345,0.7625,0.91966116,0.787817,0.875473,0.88096523,24.4,7.6,0.8,48.0
4,0.001,0.2,0.01,506,0.3262847363948822,0.8800000071525573,0.85154647,0.97435904,0.7384616,0.9079629,0.75487155,0.8682445,0.86295253,19.2,6.8,1.0,38.0,0.36252747774124144,0.878734576702118,0.8480018,0.97525513,0.73125,0.90676403,0.7524646,0.85741127,0.8518572,23.4,8.6,1.2,47.6
5,0.001,0.2,0.01,506,0.35824427008628845,0.8707692384719848,0.83567846,0.97948724,0.70769227,0.901116,0.74082863,0.8378698,0.8431398,18.4,7.6,0.8,38.2,0.348720520734787,0.8836419701576232,0.8534247,0.9792517,0.7375,0.91089153,0.76533437,0.8619698,0.86077994,23.6,8.4,1.0,47.8
6,0.001,0.2,0.01,506,0.34435485005378724,0.8769230842590332,0.8365103,0.9897436,0.70769227,0.90646476,0.7533989,0.8345167,0.8196224,18.4,7.6,0.4,38.6,0.3372624069452286,0.8835802555084229,0.85501134,0.9753402,0.74375,0.91058856,0.76194596,0.8648304,0.8618782,23.8,8.2,1.2,47.6
7,0.001,0.2,0.01,506,0.3267816364765167,0.8830769300460816,0.84770966,0.9846153,0.7307693,0.91040725,0.7651719,0.8615385,0.85634214,19.0,7.0,0.6,38.4,0.3051557421684265,0.8985185146331787,0.8640354,0.98767006,0.7625,0.92167014,0.7937788,0.87236917,0.8671366,24.4,7.6,0.6,48.2
8,0.001,0.2,0.01,506,0.37107409834861754,0.8615384697914124,0.8389556,0.95384616,0.72307694,0.89224035,0.7139147,0.85226834,0.85566676,18.8,7.2,1.8,37.2,0.34678140878677366,0.888611114025116,0.85631645,0.9835884,0.74375,0.91502684,0.7729185,0.87771714,0.880274,23.8,8.2,0.8,48.0
9,0.001,0.2,0.01,506,0.28741463720798494,0.8984615445137024,0.86646193,0.9846153,0.7692308,0.9213053,0.7943366,0.9032545,0.901089,20.0,6.0,0.6,38.4,0.3413785517215729,0.8812036991119385,0.846515,0.98367345,0.725,0.90947914,0.7592565,0.85689706,0.83939916,23.2,8.8,0.8,48.0
0,0.001,0.4,0.01,506,0.3099249809980392,0.8861538529396057,0.8502777,0.98461545,0.7384615,0.91229945,0.77017105,0.8780079,0.8968585,19.2,6.8,0.6,38.4,0.3144962966442108,0.8935185194015502,0.8611828,0.98367345,0.75625,0.9179238,0.78407246,0.8781144,0.8762921,24.2,7.8,0.8,48.0
1,0.001,0.4,0.01,506,0.30868527591228484,0.8830769300460816,0.8536291,0.9743589,0.7461539,0.9095844,0.7608884,0.8863905,0.8824865,19.4,6.6,1.0,38.0,0.3457735598087311,0.8812037110328674,0.8525348,0.97551024,0.7375,0.90846187,0.76106036,0.85171527,0.85869104,23.6,8.4,1.2,47.6
2,0.001,0.4,0.01,506,0.3492427945137024,0.8676923155784607,0.8402592,0.96410257,0.72307694,0.8974682,0.7289231,0.87514794,0.88516295,18.8,7.2,1.4,37.6,0.340051931142807,0.8788580298423767,0.84576476,0.97959185,0.725,0.9075676,0.7520162,0.87910956,0.87560254,23.2,8.8,1.0,47.8
3,0.001,0.4,0.01,506,0.29733327627182005,0.8984615445137024,0.8592676,0.9948718,0.75384617,0.9218806,0.7972098,0.89201176,0.89847994,19.6,6.4,0.2,38.8,0.3064830660820007,0.8936419725418091,0.86065656,0.98367345,0.75625,0.91800797,0.7826671,0.88248026,0.889451,24.2,7.8,0.8,48.0
4,0.001,0.4,0.01,506,0.31966887712478637,0.8800000071525573,0.852088,0.9743589,0.7384616,0.9078676,0.75671357,0.8723866,0.8632746,19.2,6.8,1.0,38.0,0.35674511194229125,0.878734576702118,0.8480018,0.97525513,0.73125,0.90676403,0.7524646,0.8480867,0.82738703,23.4,8.6,1.2,47.6
5,0.001,0.4,0.01,506,0.3516787052154541,0.8769230842590332,0.8369772,0.9897436,0.70769227,0.9064708,0.7547612,0.82998025,0.82441074,18.4,7.6,0.4,38.6,0.3435743510723114,0.8836419701576232,0.8534247,0.9792517,0.7375,0.91089153,0.76533437,0.85087824,0.8410014,23.6,8.4,1.0,47.8
6,0.001,0.4,0.01,506,0.33636410236358644,0.8800000071525573,0.83744925,0.9948718,0.70769227,0.9090784,0.76163185,0.8289941,0.8080082,18.4,7.6,0.2,38.8,0.3255497395992279,0.8835493803024292,0.85264874,0.9794218,0.7375,0.9109915,0.7628104,0.86150086,0.8589155,23.6,8.4,1.0,47.8
7,0.001,0.4,0.01,506,0.3288831144571304,0.8800000071525573,0.84707534,0.97948724,0.7307693,0.9077625,0.7580403,0.8597633,0.85393447,19.0,7.0,0.8,38.2,0.3008554458618164,0.8960493803024292,0.86353415,0.9835884,0.7625,0.91962165,0.7876132,0.8710884,0.86432207,24.4,7.6,0.8,48.0
8,0.001,0.4,0.01,506,0.3639714032411575,0.8615384697914124,0.8389556,0.95384616,0.72307694,0.89224035,0.7139147,0.8499014,0.85497904,18.8,7.2,1.8,37.2,0.32727869153022765,0.888611114025116,0.85631645,0.9835884,0.74375,0.91502684,0.7729185,0.88162327,0.8899245,23.8,8.2,0.8,48.0
9,0.001,0.4,0.01,506,0.28607654869556426,0.8984615445137024,0.86646193,0.9846153,0.7692308,0.9213053,0.7943366,0.90384614,0.9002037,20.0,6.0,0.6,38.4,0.334490692615509,0.8787345647811889,0.84607965,0.97959185,0.725,0.90734357,0.7538269,0.85576504,0.84280187,23.2,8.8,1.0,47.8
0,0.0001,0.0,0.01,506,0.32396126389503477,0.8861538529396057,0.850247,0.98461545,0.7384615,0.91223735,0.77057606,0.88806707,0.8990595,19.2,6.8,0.6,38.4,0.32790023684501646,0.8836111187934875,0.8567135,0.9713435,0.75,0.90992326,0.7613355,0.87691325,0.8776318,24.0,8.0,1.4,47.4
1,0.0001,0.0,0.01,506,0.3390734434127808,0.8800000071525573,0.8502331,0.9743589,0.73846155,0.9073731,0.756034,0.8729784,0.87417716,19.2,6.8,1.0,38.0,0.35769162774086,0.8737962961196899,0.8509158,0.9632653,0.7375,0.9020697,0.7433727,0.8547951,0.8601819,23.6,8.4,1.8,47.0
2,0.0001,0.0,0.01,506,0.3728312015533447,0.8615384697914124,0.83866966,0.95384616,0.72307694,0.89207697,0.7146037,0.85857993,0.861724,18.8,7.2,1.8,37.2,0.3486603438854218,0.8763888835906982,0.84754944,0.9714286,0.73125,0.9050927,0.7448243,0.8682518,0.87011737,23.4,8.6,1.4,47.4
3,0.0001,0.0,0.01,506,0.31425858438014986,0.8953846216201782,0.85866153,0.9897436,0.75384617,0.9192988,0.78970295,0.88708097,0.89926404,19.6,6.4,0.4,38.6,0.3177189230918884,0.8887037038803101,0.8597008,0.97551024,0.75625,0.9139081,0.77048385,0.87471837,0.88067216,24.2,7.8,1.2,47.6
4,0.0001,0.0,0.01,506,0.3498441845178604,0.8676923155784607,0.8501724,0.95384616,0.7384616,0.897122,0.72967184,0.8656805,0.8633441,19.2,6.8,1.8,37.2,0.36501208543777464,0.878734576702118,0.8532939,0.96709186,0.74375,0.9062656,0.7494481,0.84885204,0.84910345,23.8,8.2,1.6,47.2
5,0.0001,0.0,0.01,506,0.3782886743545532,0.8615384697914124,0.8336609,0.96410257,0.70769227,0.8932551,0.7186343,0.83589745,0.838865,18.4,7.6,1.4,37.6,0.36256486773490904,0.8836419701576232,0.85550565,0.97517,0.74375,0.91052544,0.76303834,0.85636026,0.8637701,23.8,8.2,1.2,47.6
6,0.0001,0.0,0.01,506,0.3633123874664307,0.8738461613655091,0.83571243,0.98461545,0.70769227,0.9038986,0.7451766,0.8297831,0.80276716,18.4,7.6,0.6,38.4,0.3446096062660217,0.8835802555084229,0.85501134,0.9753402,0.74375,0.91058856,0.76194596,0.86542034,0.86333674,23.8,8.2,1.2,47.6
7,0.0001,0.0,0.01,506,0.3501807689666748,0.8707692384719848,0.8452064,0.96410257,0.7307693,0.8998264,0.736517,0.86094683,0.86086893,19.0,7.0,1.4,37.6,0.3194722175598145,0.8935802459716797,0.8657756,0.9754251,0.76875,0.917235,0.7808845,0.8833679,0.8849904,24.6,7.4,1.2,47.6
8,0.0001,0.0,0.01,506,0.3827200174331665,0.8584615468978882,0.838123,0.94871795,0.72307694,0.88961375,0.7061697,0.84398425,0.83613026,18.8,7.2,2.0,37.0,0.35301768183708193,0.8861419796943665,0.85579693,0.9795068,0.74375,0.91293895,0.76701605,0.8682783,0.86672324,23.8,8.2,1.0,47.8
9,0.0001,0.0,0.01,506,0.30742384791374205,0.8953846216201782,0.8658559,0.97948724,0.7692308,0.91872346,0.7868297,0.9091717,0.9091238,20.0,6.0,0.8,38.2,0.3546148657798767,0.8737962961196899,0.8446347,0.9714286,0.725,0.90316856,0.74088824,0.849903,0.83756626,23.2,8.8,1.4,47.4
0,0.0001,0.2,0.01,506,0.3235229283571243,0.8830769300460816,0.84957063,0.97948724,0.7384615,0.90966034,0.7628421,0.8882643,0.8987279,19.2,6.8,0.8,38.2,0.32602115869522097,0.8860802531242371,0.85961735,0.9713435,0.75625,0.91161615,0.76621795,0.8823926,0.8830198,24.2,7.8,1.4,47.4
1,0.0001,0.2,0.01,506,0.3293950766324997,0.8830769300460816,0.8506977,0.97948724,0.73846155,0.9100274,0.76278466,0.87554246,0.8706296,19.2,6.8,0.8,38.2,0.34564656019210815,0.8812037110328674,0.8525348,0.97551024,0.7375,0.90846187,0.76106036,0.8574232,0.8559799,23.6,8.4,1.2,47.6
2,0.0001,0.2,0.01,506,0.36797304153442384,0.8615384697914124,0.83866966,0.95384616,0.72307694,0.89207697,0.7146037,0.8660749,0.87095386,18.8,7.2,1.8,37.2,0.35040136575698855,0.8714197516441345,0.8465212,0.96318024,0.73125,0.9008776,0.7329987,0.8645794,0.8648788,23.4,8.6,1.8,47.0
3,0.0001,0.2,0.01,506,0.30843310952186587,0.8953846216201782,0.85866153,0.9897436,0.75384617,0.9192988,0.78970295,0.8898422,0.9045933,19.6,6.4,0.4,38.6,0.31169936060905457,0.8911728382110595,0.8601553,0.97959185,0.75625,0.9159595,0.7765016,0.87392914,0.8827755,24.2,7.8,1.0,47.8
4,0.0001,0.2,0.01,506,0.3463441371917725,0.8615384697914124,0.84882087,0.9435898,0.7384616,0.8919061,0.7145104,0.87001973,0.8706827,19.2,6.8,2.2,36.8,0.35516277551651,0.8812037110328674,0.8538988,0.97117347,0.74375,0.90834635,0.7556268,0.8597045,0.861327,23.8,8.2,1.4,47.4
5,0.0001,0.2,0.01,506,0.3728825509548187,0.8615384697914124,0.8336609,0.96410257,0.70769227,0.8932551,0.7186343,0.8390533,0.8433541,18.4,7.6,1.4,37.6,0.3621762812137604,0.8836419701576232,0.85550565,0.97517,0.74375,0.91052544,0.76303834,0.86074483,0.8621357,23.8,8.2,1.2,47.6
6,0.0001,0.2,0.01,506,0.35525467395782473,0.8738461613655091,0.83571243,0.98461545,0.70769227,0.9038986,0.7451766,0.8293885,0.808276,18.4,7.6,0.6,38.4,0.34290877878665926,0.8811111211776733,0.85470974,0.9712585,0.74375,0.9084895,0.7565564,0.86475074,0.8597496,23.8,8.2,1.4,47.4
7,0.0001,0.2,0.01,506,0.3444912314414978,0.8707692384719848,0.8452064,0.96410257,0.7307693,0.8998264,0.736517,0.86627215,0.87484723,19.0,7.0,1.4,37.6,0.311564439535141,0.8960493803024292,0.86617965,0.9795068,0.76875,0.9192888,0.78675914,0.8708971,0.86555845,24.6,7.4,1.0,47.8
8,0.0001,0.2,0.01,506,0.37960163950920106,0.8584615468978882,0.838123,0.94871795,0.72307694,0.88961375,0.7061697,0.84812623,0.8422164,18.8,7.2,2.0,37.0,0.3541901886463165,0.8861419796943665,0.85579693,0.9795068,0.74375,0.91293895,0.76701605,0.86812687,0.8721651,23.8,8.2,1.0,47.8
9,0.0001,0.2,0.01,506,0.2988969892263412,0.8984615445137024,0.86646193,0.9846153,0.7692308,0.9213053,0.7943366,0.90857995,0.90826577,20.0,6.0,0.6,38.4,0.34983932971954346,0.8737962961196899,0.8446347,0.9714286,0.725,0.90316856,0.74088824,0.85462505,0.84064114,23.2,8.8,1.4,47.4
0,0.0001,0.4,0.01,506,0.32093668580055235,0.8861538529396057,0.850247,0.98461545,0.7384615,0.91223735,0.77057606,0.8864892,0.8984025,19.2,6.8,0.6,38.4,0.31885242462158203,0.8885493874549866,0.86010647,0.9754251,0.75625,0.91374826,0.77176476,0.8836708,0.88001955,24.2,7.8,1.2,47.6
1,0.0001,0.4,0.01,506,0.3231667518615723,0.8830769300460816,0.8544769,0.97435904,0.7461539,0.90972835,0.761917,0.87652856,0.86716855,19.4,6.6,1.0,38.0,0.33859182596206666,0.8812037110328674,0.8525348,0.97551024,0.7375,0.90846187,0.76106036,0.86302483,0.86678064,23.6,8.4,1.2,47.6
2,0.0001,0.4,0.01,506,0.3622066080570221,0.8707692384719848,0.8411457,0.9692308,0.72307694,0.90008783,0.7368897,0.86627215,0.87306756,18.8,7.2,1.2,37.8,0.34223749935626985,0.8788580298423767,0.84796506,0.97551024,0.73125,0.90714836,0.7507148,0.8647707,0.86320543,23.4,8.6,1.2,47.6
3,0.0001,0.4,0.01,506,0.30310703814029694,0.8953846216201782,0.85866153,0.9897436,0.75384617,0.9192988,0.78970295,0.8918146,0.89971447,19.6,6.4,0.4,38.6,0.3059404373168945,0.8936419725418091,0.8632722,0.97959185,0.7625,0.91771764,0.7814178,0.87542516,0.88290775,24.4,7.6,1.0,47.8
4,0.0001,0.4,0.01,506,0.34271071553230287,0.8707692384719848,0.85100496,0.95897436,0.7384616,0.8997486,0.73741686,0.8729783,0.8689604,19.2,6.8,1.6,37.4,0.3472951054573059,0.878734576702118,0.85059917,0.97117347,0.7375,0.9065167,0.75078714,0.8590747,0.85267115,23.6,8.4,1.4,47.4
5,0.0001,0.4,0.01,506,0.3657456636428833,0.8676923155784607,0.8350021,0.9743589,0.70769227,0.89853895,0.73309475,0.8327416,0.8318049,18.4,7.6,1.0,38.0,0.34979334473609924,0.8861111044883728,0.8561932,0.9792517,0.74375,0.9125565,0.77004457,0.85485095,0.8553823,23.8,8.2,1.0,47.8
6,0.0001,0.4,0.01,506,0.3471315085887909,0.8738461613655091,0.83571243,0.98461545,0.70769227,0.9038986,0.7451766,0.8276135,0.8048727,18.4,7.6,0.6,38.4,0.3378088057041168,0.8786111116409302,0.8518275,0.9712585,0.7375,0.90680456,0.75151837,0.86470824,0.85862124,23.6,8.4,1.4,47.4
7,0.0001,0.4,0.01,506,0.3402946650981903,0.8769230842590332,0.84661084,0.9743589,0.7307693,0.9051083,0.75128967,0.8583826,0.85308504,19.0,7.0,1.0,38.0,0.30285027623176575,0.8960493803024292,0.86353415,0.9835884,0.7625,0.91962165,0.7876132,0.8747236,0.8747069,24.4,7.6,0.8,48.0
8,0.0001,0.4,0.01,506,0.3773286759853363,0.8584615468978882,0.838123,0.94871795,0.72307694,0.88961375,0.7061697,0.84615386,0.8422624,18.8,7.2,2.0,37.0,0.34509735405445097,0.8861419796943665,0.85579693,0.9795068,0.74375,0.91293895,0.76701605,0.86977166,0.8778466,23.8,8.2,1.0,47.8
9,0.0001,0.4,0.01,506,0.30032738149166105,0.8953846216201782,0.8658559,0.97948724,0.7692308,0.91872346,0.7868297,0.9079882,0.90216017,20.0,6.0,0.8,38.2,0.34582464694976806,0.8737962961196899,0.8446347,0.9714286,0.725,0.90316856,0.74088824,0.8482555,0.8303629,23.2,8.8,1.4,47.4
0,1e-05,0.0,0.01,506,0.324448823928833,0.8861538529396057,0.850247,0.98461545,0.7384615,0.91223735,0.77057606,0.8864891,0.89567345,19.2,6.8,0.6,38.4,0.32721778452396394,0.8885493874549866,0.86010647,0.9754251,0.75625,0.91374826,0.77176476,0.8764084,0.8793696,24.2,7.8,1.2,47.6
1,1e-05,0.0,0.01,506,0.33949303925037383,0.8830769300460816,0.8506977,0.97948724,0.73846155,0.9100274,0.76278466,0.8735701,0.8746565,19.2,6.8,0.8,38.2,0.3531314551830292,0.8762654423713684,0.8515587,0.96734697,0.7375,0.9041465,0.7496967,0.8560707,0.8614968,23.6,8.4,1.6,47.2
2,1e-05,0.0,0.01,506,0.37482627630233767,0.8615384697914124,0.83866966,0.95384616,0.72307694,0.89207697,0.7146037,0.85779095,0.85846806,18.8,7.2,1.8,37.2,0.34872065782546996,0.8763888955116272,0.84537065,0.97551024,0.725,0.9055516,0.74585843,0.8683713,0.86903363,23.2,8.8,1.2,47.6
3,1e-05,0.0,0.01,506,0.31564950942993164,0.8953846216201782,0.85866165,0.9897436,0.75384617,0.9192988,0.7897029,0.885503,0.89527065,19.6,6.4,0.4,38.6,0.3173473596572876,0.8887037038803101,0.8597008,0.97551024,0.75625,0.9139081,0.77048385,0.8749628,0.88371754,24.2,7.8,1.2,47.6
4,1e-05,0.0,0.01,506,0.35192325711250305,0.8676923155784607,0.8501724,0.95384616,0.7384616,0.897122,0.72967184,0.8623274,0.85876864,19.2,6.8,1.8,37.2,0.36021297574043276,0.8762654304504395,0.85266733,0.9630102,0.74375,0.90414524,0.74353695,0.8503746,0.8520482,23.8,8.2,1.8,47.0
5,1e-05,0.0,0.01,506,0.37699782848358154,0.8615384697914124,0.8336609,0.96410257,0.70769227,0.8932551,0.7186343,0.8351086,0.8370613,18.4,7.6,1.4,37.6,0.36115864515304563,0.8836419701576232,0.85550565,0.97517,0.74375,0.91052544,0.76303834,0.85737264,0.862707,23.8,8.2,1.2,47.6
6,1e-05,0.0,0.01,506,0.36356465220451356,0.8769230842590332,0.83913517,0.98461545,0.7153846,0.90592325,0.75146747,0.82524663,0.8013662,18.6,7.4,0.6,38.4,0.34514285922050475,0.8811111211776733,0.85470974,0.9712585,0.74375,0.9084895,0.7565564,0.86220247,0.8600559,23.8,8.2,1.4,47.4
7,1e-05,0.0,0.01,506,0.3522987425327301,0.8707692384719848,0.8452064,0.96410257,0.7307693,0.8998264,0.736517,0.8595661,0.85894585,19.0,7.0,1.4,37.6,0.3204072415828705,0.8935802459716797,0.8657756,0.9754251,0.76875,0.917235,0.7808845,0.8768814,0.8780018,24.6,7.4,1.2,47.6
8,1e-05,0.0,0.01,506,0.38380547165870665,0.855384624004364,0.8375945,0.9435898,0.72307694,0.88702786,0.6988811,0.8433925,0.84186494,18.8,7.2,2.2,36.8,0.3519249677658081,0.8861419796943665,0.85579693,0.9795068,0.74375,0.91293895,0.76701605,0.86966276,0.86581975,23.8,8.2,1.0,47.8
9,1e-05,0.0,0.01,506,0.3089909076690674,0.8953846216201782,0.8658559,0.97948724,0.7692308,0.91872346,0.7868297,0.9052268,0.90206987,20.0,6.0,0.8,38.2,0.3545698821544647,0.8737962961196899,0.8446347,0.9714286,0.725,0.90316856,0.74088824,0.8497648,0.8361101,23.2,8.8,1.4,47.4
0,1e-05,0.2,0.01,506,0.32946898937225344,0.8830769300460816,0.8529533,0.9743589,0.74615383,0.90924895,0.7618524,0.88451684,0.8905619,19.4,6.6,1.0,38.0,0.3302056849002838,0.8860802531242371,0.85961735,0.9713435,0.75625,0.91161615,0.76621795,0.8774022,0.8694186,24.2,7.8,1.4,47.4
1,1e-05,0.2,0.01,506,0.34395278692245485,0.8830769300460816,0.8544769,0.97435904,0.7461539,0.90972835,0.761917,0.8664694,0.8546632,19.4,6.6,1.0,38.0,0.3468279719352722,0.878734576702118,0.8520335,0.9714286,0.7375,0.9064134,0.7548948,0.8667849,0.8680026,23.6,8.4,1.4,47.4
2,1e-05,0.2,0.01,506,0.37517752647399905,0.8646153926849365,0.8398752,0.95897436,0.72307694,0.8947961,0.72258174,0.85364896,0.8517462,18.8,7.2,1.6,37.4,0.3519383132457733,0.873888897895813,0.84714776,0.9672619,0.73125,0.902998,0.73890996,0.86619234,0.87145615,23.4,8.6,1.6,47.2
3,1e-05,0.2,0.01,506,0.3164473533630371,0.8953846216201782,0.85866153,0.9897436,0.75384617,0.9192988,0.78970295,0.88451684,0.887776,19.6,6.4,0.4,38.6,0.3165892481803894,0.8936419725418091,0.8632722,0.97959185,0.7625,0.91771764,0.7814178,0.8778752,0.88847953,24.4,7.6,1.0,47.8
4,1e-05,0.2,0.01,506,0.35580182671546934,0.8676923155784607,0.85045135,0.95384616,0.7384616,0.8970987,0.7304777,0.8731756,0.8817234,19.2,6.8,1.8,37.2,0.35271031856536866,0.8812037110328674,0.8538988,0.97117347,0.74375,0.90834635,0.7556268,0.86214924,0.8599423,23.8,8.2,1.4,47.4
5,1e-05,0.2,0.01,506,0.37862364649772645,0.8615384697914124,0.8336609,0.96410257,0.70769227,0.8932551,0.7186343,0.8378698,0.8448957,18.4,7.6,1.4,37.6,0.3608843207359314,0.8836419701576232,0.85550565,0.97517,0.74375,0.91052544,0.76303834,0.8611514,0.8671235,23.8,8.2,1.2,47.6
6,1e-05,0.2,0.01,506,0.3614508628845215,0.8769230842590332,0.83913517,0.98461545,0.7153846,0.90592325,0.75146747,0.83293885,0.8163179,18.6,7.4,0.6,38.4,0.3532566070556641,0.8811111211776733,0.85470974,0.9712585,0.74375,0.9084895,0.7565564,0.8649527,0.8630142,23.8,8.2,1.4,47.4
7,1e-05,0.2,0.01,506,0.357923287153244,0.8738461613655091,0.8458708,0.9692308,0.7307693,0.9025365,0.743318,0.86311644,0.85764027,19.0,7.0,1.2,37.8,0.3234156847000122,0.8935802459716797,0.8657756,0.9754251,0.76875,0.917235,0.7808845,0.8856425,0.88609,24.6,7.4,1.2,47.6
8,1e-05,0.2,0.01,506,0.3827620387077332,0.855384624004364,0.83787334,0.9435898,0.72307694,0.88700455,0.6996869,0.84970415,0.8446105,18.8,7.2,2.2,36.8,0.35679582953453065,0.8861728429794311,0.858284,0.9754251,0.75,0.91265565,0.7654778,0.8690649,0.8735863,24.0,8.0,1.2,47.6
9,1e-05,0.2,0.01,506,0.31836646795272827,0.892307698726654,0.8651632,0.9743589,0.7692308,0.9159505,0.78040403,0.90641034,0.9040138,20.0,6.0,1.0,38.0,0.36497671604156495,0.8762654304504395,0.84732324,0.9714286,0.73125,0.9047607,0.74607396,0.8539793,0.8433851,23.4,8.6,1.4,47.4
0,1e-05,0.4,0.01,506,0.33244136571884153,0.8800000071525573,0.8490421,0.9743589,0.7384615,0.90707433,0.75555354,0.8853057,0.8943841,19.2,6.8,1.0,38.0,0.32943440675735475,0.8860802531242371,0.85961735,0.9713435,0.75625,0.91161615,0.76621795,0.8752524,0.8639759,24.2,7.8,1.4,47.4
1,1e-05,0.4,0.01,506,0.3492202877998352,0.8830769300460816,0.8544769,0.97435904,0.7461539,0.90972835,0.761917,0.85917157,0.83948326,19.4,6.6,1.0,38.0,0.35196487307548524,0.878734576702118,0.8520335,0.9714286,0.7375,0.9064134,0.7548948,0.8659133,0.8678892,23.6,8.4,1.4,47.4
2,1e-05,0.4,0.01,506,0.37466790080070494,0.8646153926849365,0.8398752,0.95897436,0.72307694,0.8947961,0.72258174,0.84733737,0.84482545,18.8,7.2,1.6,37.4,0.3543280839920044,0.873888885974884,0.84718657,0.9672619,0.73125,0.9029937,0.7390373,0.86329854,0.8648378,23.4,8.6,1.6,47.2
3,1e-05,0.4,0.01,506,0.3229462206363678,0.8953846216201782,0.85866153,0.9897436,0.75384617,0.9192988,0.78970295,0.8892506,0.9012141,19.6,6.4,0.4,38.6,0.32417783737182615,0.8936419725418091,0.8632722,0.97959185,0.7625,0.91771764,0.7814178,0.8731372,0.8808058,24.4,7.6,1.0,47.8
4,1e-05,0.4,0.01,506,0.3593132495880127,0.8676923155784607,0.8501724,0.95384616,0.7384616,0.897122,0.72967184,0.87593687,0.8789007,19.2,6.8,1.8,37.2,0.35488288998603823,0.8836728453636169,0.8544833,0.97525513,0.74375,0.91038865,0.7621051,0.8644823,0.8629505,23.8,8.2,1.2,47.6
5,1e-05,0.4,0.01,506,0.37690531015396117,0.8615384697914124,0.8336609,0.96410257,0.70769227,0.8932551,0.7186343,0.8374754,0.8388604,18.4,7.6,1.4,37.6,0.3604431450366974,0.8836419701576232,0.85550565,0.97517,0.74375,0.91052544,0.76303834,0.86180246,0.8697361,23.8,8.2,1.2,47.6
6,1e-05,0.4,0.01,506,0.3598272204399109,0.8769230842590332,0.83913517,0.98461545,0.7153846,0.90592325,0.75146747,0.8333333,0.8201578,18.6,7.4,0.6,38.4,0.3497967302799225,0.8786419749259948,0.854054,0.9671769,0.74375,0.90645444,0.7497356,0.86688983,0.8636158,23.8,8.2,1.6,47.2
7,1e-05,0.4,0.01,506,0.3585477828979492,0.8738461613655091,0.8458708,0.9692308,0.7307693,0.9025365,0.743318,0.8696252,0.871935,19.0,7.0,1.2,37.8,0.3270353198051453,0.8935802459716797,0.8657756,0.9754251,0.76875,0.917235,0.7808845,0.886546,0.8876546,24.6,7.4,1.2,47.6
8,1e-05,0.4,0.01,506,0.3864474594593048,0.8584615468978882,0.83842707,0.94871795,0.72307694,0.88965434,0.70662606,0.84181464,0.83185625,18.8,7.2,2.0,37.0,0.3571899175643921,0.8837037086486816,0.8575827,0.9713435,0.75,0.9105442,0.759308,0.87890494,0.8868907,24.0,8.0,1.4,47.4
9,1e-05,0.4,0.01,506,0.33073856830596926,0.892307698726654,0.8651632,0.9743589,0.7692308,0.9159505,0.78040403,0.906213,0.90189934,20.0,6.0,1.0,38.0,0.3701812744140625,0.8762654304504395,0.84732324,0.9714286,0.73125,0.9047607,0.74607396,0.8531024,0.84156716,23.4,8.6,1.4,47.4
0,0.001,0.0,0.1,506,0.36268038153648374,0.8769230842590332,0.8482443,0.9692308,0.7384615,0.90450823,0.74733126,0.8782051,0.8777603,19.2,6.8,1.2,37.8,0.36012257933616637,0.8860802531242371,0.85961735,0.9713435,0.75625,0.91161615,0.76621795,0.87550485,0.87667525,24.2,7.8,1.4,47.4
1,0.001,0.0,0.1,506,0.37284103631973264,0.8830769300460816,0.8536712,0.97435904,0.7461539,0.9095167,0.76149076,0.8627218,0.8565935,19.4,6.6,1.0,38.0,0.37920554876327517,0.8787037134170532,0.8518098,0.9713435,0.7375,0.90655553,0.75338274,0.85893786,0.8566704,23.6,8.4,1.4,47.4
2,0.001,0.0,0.1,506,0.3938148856163025,0.8676923155784607,0.84053963,0.96410257,0.72307694,0.8975061,0.7293828,0.8534517,0.8421935,18.8,7.2,1.4,37.6,0.3837536871433258,0.873888897895813,0.84714776,0.9672619,0.73125,0.902998,0.73890996,0.863163,0.8683206,23.4,8.6,1.6,47.2
3,0.001,0.0,0.1,506,0.35007611513137815,0.8953846216201782,0.85866153,0.9897436,0.75384617,0.9192988,0.78970295,0.88274163,0.8907089,19.6,6.4,0.4,38.6,0.35019864439964293,0.8936111092567444,0.8633075,0.9795068,0.7625,0.9176723,0.7815076,0.87524444,0.88059825,24.4,7.6,1.0,47.8
4,0.001,0.0,0.1,506,0.3746440291404724,0.8676923155784607,0.8501724,0.95384616,0.7384616,0.897122,0.72967184,0.8666667,0.87103355,19.2,6.8,1.8,37.2,0.3746769964694977,0.8836728453636169,0.8544833,0.97525513,0.74375,0.91038865,0.7621051,0.863058,0.8619472,23.8,8.2,1.2,47.6
5,0.001,0.0,0.1,506,0.39690380096435546,0.8615384697914124,0.8336609,0.96410257,0.70769227,0.8932551,0.7186343,0.8406312,0.8575144,18.4,7.6,1.4,37.6,0.37583309412002563,0.8811728358268738,0.8549212,0.9710884,0.74375,0.9084832,0.7565601,0.8629451,0.8577592,23.8,8.2,1.4,47.4
6,0.001,0.0,0.1,506,0.3859347581863403,0.8707692384719848,0.83478737,0.97948724,0.70769227,0.90121734,0.73765826,0.84023666,0.8220211,18.4,7.6,0.8,38.2,0.3710739254951477,0.8786419749259948,0.854054,0.9671769,0.74375,0.90645444,0.7497356,0.86708385,0.86248225,23.8,8.2,1.6,47.2
7,0.001,0.0,0.1,506,0.3675402641296387,0.8769230842590332,0.8463353,0.9743589,0.7307693,0.90519077,0.7500687,0.8601578,0.8553791,19.0,7.0,1.0,38.0,0.3445750892162323,0.8935802459716797,0.8631301,0.9795068,0.7625,0.91756785,0.7817386,0.88049805,0.87495565,24.4,7.6,1.0,47.8
8,0.001,0.0,0.1,506,0.39908483624458313,0.8584615468978882,0.83842707,0.94871795,0.72307694,0.88965434,0.70662606,0.8420118,0.831704,18.8,7.2,2.0,37.0,0.3699954390525818,0.8812037110328674,0.8544176,0.9713435,0.74375,0.9087548,0.754371,0.875562,0.87385523,23.8,8.2,1.4,47.4
9,0.001,0.0,0.1,506,0.3533690690994263,0.8953846216201782,0.86582774,0.97948724,0.7692308,0.9186605,0.7872051,0.902071,0.89452875,20.0,6.0,0.8,38.2,0.38884237408638,0.8737654328346253,0.84450626,0.9713435,0.725,0.9032162,0.7399413,0.8525523,0.84545356,23.2,8.8,1.4,47.4
0,0.001,0.2,0.1,506,0.3665388345718384,0.8769230842590332,0.8482443,0.9692308,0.7384615,0.90450823,0.74733126,0.87643003,0.86827004,19.2,6.8,1.2,37.8,0.3629494786262512,0.8860802531242371,0.85961735,0.9713435,0.75625,0.91161615,0.76621795,0.87385195,0.870129,24.2,7.8,1.4,47.4
1,0.001,0.2,0.1,506,0.3764891743659973,0.8861538529396057,0.8580847,0.97435904,0.75384617,0.9118624,0.7677546,0.85917157,0.85091895,19.6,6.4,1.0,38.0,0.3826929688453674,0.878734576702118,0.8520335,0.9714286,0.7375,0.9064134,0.7548948,0.8596075,0.85552007,23.6,8.4,1.4,47.4
2,0.001,0.2,0.1,506,0.3949829638004303,0.8676923155784607,0.84053963,0.96410257,0.72307694,0.8975061,0.7293828,0.8516766,0.83968,18.8,7.2,1.4,37.6,0.38563055992126466,0.873888897895813,0.84714776,0.9672619,0.73125,0.902998,0.73890996,0.85883427,0.8609536,23.4,8.6,1.6,47.2
3,0.001,0.2,0.1,506,0.3516213119029999,0.8953846216201782,0.85866153,0.9897436,0.75384617,0.9192988,0.78970295,0.88274163,0.88792163,19.6,6.4,0.4,38.6,0.35365027785301206,0.8911419749259949,0.86285293,0.9754251,0.7625,0.915621,0.77548987,0.87358105,0.87395775,24.4,7.6,1.2,47.6
4,0.001,0.2,0.1,506,0.3782046020030975,0.8800000071525573,0.85235727,0.9743589,0.7384616,0.90784776,0.75764734,0.8672584,0.8723755,19.2,6.8,1.0,38.0,0.3772416651248932,0.8812037110328674,0.8511836,0.97525513,0.7375,0.90855896,0.75726545,0.86461794,0.8634451,23.6,8.4,1.2,47.6
5,0.001,0.2,0.1,506,0.3982183992862701,0.8584615468978882,0.8327629,0.95897436,0.70769227,0.8907015,0.7098608,0.842998,0.85663766,18.4,7.6,1.6,37.4,0.3805632531642914,0.8836419701576232,0.85550565,0.97517,0.74375,0.91052544,0.76303834,0.86372364,0.8609521,23.8,8.2,1.2,47.6
6,0.001,0.2,0.1,506,0.3871820271015167,0.8738461613655091,0.83571243,0.98461545,0.70769227,0.9038986,0.7451766,0.8408284,0.818776,18.4,7.6,0.6,38.4,0.37325242161750793,0.8811111211776733,0.85676587,0.9671769,0.75,0.90808547,0.7546158,0.86658955,0.86160105,24.0,8.0,1.6,47.2
7,0.001,0.2,0.1,506,0.36984382271766664,0.8769230842590332,0.8463353,0.9743589,0.7307693,0.90519077,0.7500687,0.8603551,0.85150176,19.0,7.0,1.0,38.0,0.3455590605735779,0.8935802459716797,0.8631301,0.9795068,0.7625,0.91756785,0.7817386,0.88179207,0.8794438,24.4,7.6,1.0,47.8
8,0.001,0.2,0.1,506,0.4001140296459198,0.8584615468978882,0.83842707,0.94871795,0.72307694,0.88965434,0.70662606,0.84220904,0.8345292,18.8,7.2,2.0,37.0,0.3732929706573486,0.8812037110328674,0.8544176,0.9713435,0.74375,0.9087548,0.754371,0.8727638,0.8688291,23.8,8.2,1.4,47.4
9,0.001,0.2,0.1,506,0.3577427685260773,0.8953846216201782,0.86582774,0.97948724,0.7692308,0.9186605,0.7872051,0.9006904,0.8927903,20.0,6.0,0.8,38.2,0.3921288728713989,0.8737654328346253,0.84450626,0.9713435,0.725,0.9032162,0.7399413,0.85472333,0.846159,23.2,8.8,1.4,47.4
0,0.001,0.4,0.1,506,0.3712031364440918,0.8769230842590332,0.8482443,0.9692308,0.7384615,0.90450823,0.74733126,0.87564105,0.86553985,19.2,6.8,1.2,37.8,0.36883882284164426,0.8836111187934875,0.8591093,0.9672619,0.75625,0.90944177,0.76087326,0.872441,0.8666552,24.2,7.8,1.6,47.2
1,0.001,0.4,0.1,506,0.3819924473762512,0.8861538529396057,0.8580847,0.97435904,0.75384617,0.9118624,0.7677546,0.8581854,0.8507783,19.6,6.4,1.0,38.0,0.387874972820282,0.878734576702118,0.8520335,0.9714286,0.7375,0.9064134,0.7548948,0.85923815,0.8521622,23.6,8.4,1.4,47.4
2,0.001,0.4,0.1,506,0.4014337658882141,0.8676923155784607,0.84053963,0.96410257,0.72307694,0.8975061,0.7293828,0.84812623,0.8384436,18.8,7.2,1.4,37.6,0.39257484674453735,0.873888897895813,0.84714776,0.9672619,0.73125,0.902998,0.73890996,0.8598653,0.86215115,23.4,8.6,1.6,47.2
3,0.001,0.4,0.1,506,0.3538402318954468,0.8953846216201782,0.85866153,0.9897436,0.75384617,0.9192988,0.78970295,0.88195264,0.8886574,19.6,6.4,0.4,38.6,0.35567631125450133,0.8961111068725586,0.8661544,0.97959185,0.76875,0.91937083,0.7865677,0.87370586,0.8732971,24.6,7.4,1.0,47.8
4,0.001,0.4,0.1,506,0.38111729025840757,0.8769230842590332,0.8520874,0.9692308,0.7384616,0.90511715,0.75152653,0.8674556,0.86984825,19.2,6.8,1.2,37.8,0.3807599306106567,0.8812037110328674,0.8511836,0.97525513,0.7375,0.90855896,0.75726545,0.8656675,0.86088437,23.6,8.4,1.2,47.6
5,0.001,0.4,0.1,506,0.4016504466533661,0.8615384697914124,0.8336609,0.96410257,0.70769227,0.8932551,0.7186343,0.8433925,0.8553363,18.4,7.6,1.4,37.6,0.3829919159412384,0.8811728358268738,0.8549212,0.9710884,0.74375,0.9084832,0.7565601,0.86321354,0.862113,23.8,8.2,1.4,47.4
6,0.001,0.4,0.1,506,0.3907591879367828,0.8738461613655091,0.83571243,0.98461545,0.70769227,0.9038986,0.7451766,0.8447732,0.82116044,18.4,7.6,0.6,38.4,0.3772849440574646,0.8786419749259948,0.854054,0.9671769,0.74375,0.90645444,0.7497356,0.8687686,0.8648369,23.8,8.2,1.6,47.2
7,0.001,0.4,0.1,506,0.37271865606307986,0.8769230842590332,0.8463353,0.9743589,0.7307693,0.90519077,0.7500687,0.8613412,0.8483039,19.0,7.0,1.0,38.0,0.3495811760425568,0.8935802459716797,0.8631301,0.9795068,0.7625,0.91756785,0.7817386,0.88077176,0.87418777,24.4,7.6,1.0,47.8
8,0.001,0.4,0.1,506,0.40166814923286437,0.855384624004364,0.83509684,0.94871795,0.7153846,0.88768446,0.7001085,0.84220904,0.83376884,18.6,7.4,2.0,37.0,0.37715170383453367,0.8812037110328674,0.8544176,0.9713435,0.74375,0.9087548,0.754371,0.871507,0.8697604,23.8,8.2,1.4,47.4
9,0.001,0.4,0.1,506,0.36503623723983764,0.8953846216201782,0.86582774,0.97948724,0.7692308,0.9186605,0.7872051,0.897929,0.8872469,20.0,6.0,0.8,38.2,0.39696993827819826,0.8762654304504395,0.8450702,0.97551024,0.725,0.9053041,0.74631774,0.85574114,0.8479854,23.2,8.8,1.2,47.6
0,0.0001,0.0,0.1,506,0.3635741531848907,0.8769230842590332,0.8482443,0.9692308,0.7384615,0.90450823,0.74733126,0.87781066,0.8749935,19.2,6.8,1.2,37.8,0.35888956785202025,0.8860802531242371,0.85961735,0.9713435,0.75625,0.91161615,0.76621795,0.8757547,0.8753589,24.2,7.8,1.4,47.4
1,0.0001,0.0,0.1,506,0.37539350986480713,0.8861538529396057,0.8580847,0.97435904,0.75384617,0.9118624,0.7677546,0.86193293,0.8557971,19.6,6.4,1.0,38.0,0.3789152026176453,0.878734576702118,0.8520335,0.9714286,0.7375,0.9064134,0.7548948,0.8585553,0.85519016,23.6,8.4,1.4,47.4
2,0.0001,0.0,0.1,506,0.397055447101593,0.8676923155784607,0.84053963,0.96410257,0.72307694,0.8975061,0.7293828,0.85364896,0.84390557,18.8,7.2,1.4,37.6,0.3819117248058319,0.873888885974884,0.84718657,0.9672619,0.73125,0.9029937,0.7390373,0.8634154,0.8680264,23.4,8.6,1.6,47.2
3,0.0001,0.0,0.1,506,0.3515661895275116,0.8953846216201782,0.85866153,0.9897436,0.75384617,0.9192988,0.78970295,0.88293886,0.8914976,19.6,6.4,0.4,38.6,0.3484290361404419,0.8936419725418091,0.8632722,0.97959185,0.7625,0.91771764,0.7814178,0.87562716,0.88098556,24.4,7.6,1.0,47.8
4,0.0001,0.0,0.1,506,0.3787787318229675,0.8738461613655091,0.85180295,0.96410257,0.7384616,0.9023148,0.74563915,0.8682445,0.8715208,19.2,6.8,1.4,37.6,0.37254409193992616,0.8812037110328674,0.8511836,0.97525513,0.7375,0.90855896,0.75726545,0.86318034,0.8619484,23.6,8.4,1.2,47.6
5,0.0001,0.0,0.1,506,0.39910006523132324,0.8615384697914124,0.8336609,0.96410257,0.70769227,0.8932551,0.7186343,0.8398422,0.85218537,18.4,7.6,1.4,37.6,0.376696515083313,0.8811728358268738,0.8549212,0.9710884,0.74375,0.9084832,0.7565601,0.86421794,0.85799426,23.8,8.2,1.4,47.4
6,0.0001,0.0,0.1,506,0.38642698526382446,0.8738461613655091,0.83571243,0.98461545,0.70769227,0.9038986,0.7451766,0.8394477,0.8218323,18.4,7.6,0.6,38.4,0.3698414504528046,0.8786419749259948,0.854054,0.9671769,0.74375,0.90645444,0.7497356,0.8664355,0.8610099,23.8,8.2,1.6,47.2
7,0.0001,0.0,0.1,506,0.3716058373451233,0.8738461613655091,0.8458708,0.9692308,0.7307693,0.9025365,0.743318,0.8615385,0.8560821,19.0,7.0,1.2,37.8,0.3443006217479706,0.8935802459716797,0.8657756,0.9754251,0.76875,0.917235,0.7808845,0.881149,0.87804383,24.6,7.4,1.2,47.6
8,0.0001,0.0,0.1,506,0.4002259194850922,0.8584615468978882,0.83842707,0.94871795,0.72307694,0.88965434,0.70662606,0.8404339,0.8305205,18.8,7.2,2.0,37.0,0.3657698333263397,0.878734576702118,0.853879,0.9672619,0.74375,0.90662634,0.7487051,0.8749243,0.8725625,23.8,8.2,1.6,47.2
9,0.0001,0.0,0.1,506,0.3560850203037262,0.8953846216201782,0.86582774,0.97948724,0.7692308,0.9186605,0.7872051,0.901282,0.8932206,20.0,6.0,0.8,38.2,0.3902109324932098,0.8712962985038757,0.8440708,0.9672619,0.725,0.9010806,0.7345118,0.85190135,0.845693,23.2,8.8,1.6,47.2
0,0.0001,0.2,0.1,506,0.366001296043396,0.8769230842590332,0.8482443,0.9692308,0.7384615,0.90450823,0.74733126,0.8768245,0.87134105,19.2,6.8,1.2,37.8,0.3626864910125732,0.8860802531242371,0.85961735,0.9713435,0.75625,0.91161615,0.76621795,0.8737192,0.8707946,24.2,7.8,1.4,47.4
1,0.0001,0.2,0.1,506,0.3775428652763367,0.8861538529396057,0.8580847,0.97435904,0.75384617,0.9118624,0.7677546,0.8585798,0.8501755,19.6,6.4,1.0,38.0,0.3808503270149231,0.878734576702118,0.8520335,0.9714286,0.7375,0.9064134,0.7548948,0.8602346,0.85681593,23.6,8.4,1.4,47.4
2,0.0001,0.2,0.1,506,0.39858402609825133,0.8676923155784607,0.84053963,0.96410257,0.72307694,0.8975061,0.7293828,0.85049313,0.8374101,18.8,7.2,1.4,37.6,0.38611888885498047,0.8763580322265625,0.8478131,0.9713435,0.73125,0.90511405,0.7449485,0.8609973,0.86433125,23.4,8.6,1.4,47.4
3,0.0001,0.2,0.1,506,0.3540752112865448,0.8953846216201782,0.85866153,0.9897436,0.75384617,0.9192988,0.78970295,0.88215,0.88809425,19.6,6.4,0.4,38.6,0.35396324992179873,0.8936419725418091,0.8632722,0.97959185,0.7625,0.91771764,0.7814178,0.87358636,0.8742347,24.4,7.6,1.0,47.8
4,0.0001,0.2,0.1,506,0.38105769753456115,0.8676923155784607,0.8501724,0.95384616,0.7384616,0.897122,0.72967184,0.865286,0.86970246,19.2,6.8,1.8,37.2,0.3767602503299713,0.8836728453636169,0.8544833,0.97525513,0.74375,0.91038865,0.7621051,0.8630713,0.85989034,23.8,8.2,1.2,47.6
5,0.0001,0.2,0.1,506,0.40176613330841066,0.8615384697914124,0.8336609,0.96410257,0.70769227,0.8932551,0.7186343,0.8424064,0.8548042,18.4,7.6,1.4,37.6,0.3808425545692444,0.8811728358268738,0.8549212,0.9710884,0.74375,0.9084832,0.7565601,0.8647335,0.86406547,23.8,8.2,1.4,47.4
6,0.0001,0.2,0.1,506,0.38961051106452943,0.8738461613655091,0.83571243,0.98461545,0.70769227,0.9038986,0.7451766,0.8412229,0.8179272,18.4,7.6,0.6,38.4,0.3746645927429199,0.8786419749259948,0.854054,0.9671769,0.74375,0.90645444,0.7497356,0.8669696,0.8605692,23.8,8.2,1.6,47.2
7,0.0001,0.2,0.1,506,0.37443711161613463,0.8738461613655091,0.8458708,0.9692308,0.7307693,0.9025365,0.743318,0.8617357,0.85066414,19.0,7.0,1.2,37.8,0.34973542094230653,0.8935802459716797,0.8631301,0.9795068,0.7625,0.91756785,0.7817386,0.88103473,0.87701416,24.4,7.6,1.0,47.8
8,0.0001,0.2,0.1,506,0.4014864683151245,0.8584615468978882,0.83842707,0.94871795,0.72307694,0.88965434,0.70662606,0.84102565,0.83248633,18.8,7.2,2.0,37.0,0.3707881927490234,0.8812037110328674,0.8544176,0.9713435,0.74375,0.9087548,0.754371,0.8744167,0.8743156,23.8,8.2,1.4,47.4
9,0.0001,0.2,0.1,506,0.36037192344665525,0.8953846216201782,0.86582774,0.97948724,0.7692308,0.9186605,0.7872051,0.902071,0.89158505,20.0,6.0,0.8,38.2,0.39360413551330564,0.8737962961196899,0.8446347,0.9714286,0.725,0.90316856,0.74088824,0.854726,0.84547615,23.2,8.8,1.4,47.4
0,0.0001,0.4,0.1,506,0.3715542614459991,0.8769230842590332,0.8482443,0.9692308,0.7384615,0.90450823,0.74733126,0.877219,0.868883,19.2,6.8,1.2,37.8,0.3678629040718079,0.8860802531242371,0.85961735,0.9713435,0.75625,0.91161615,0.76621795,0.8729512,0.86669815,24.2,7.8,1.4,47.4
1,0.0001,0.4,0.1,506,0.38109379410743716,0.8892307758331299,0.858719,0.97948724,0.75384617,0.9145071,0.7748861,0.85897434,0.8508558,19.6,6.4,0.8,38.2,0.3841646611690521,0.8812037110328674,0.8523737,0.97551024,0.7375,0.90864354,0.7597592,0.8600008,0.8558794,23.6,8.4,1.2,47.6
2,0.0001,0.4,0.1,506,0.40167766213417055,0.8676923155784607,0.84053963,0.96410257,0.72307694,0.8975061,0.7293828,0.8500986,0.8393013,18.8,7.2,1.4,37.6,0.39037894606590273,0.8763580322265625,0.8478131,0.9713435,0.73125,0.90511405,0.7449485,0.859472,0.8617865,23.4,8.6,1.4,47.4
3,0.0001,0.4,0.1,506,0.35834193229675293,0.8953846216201782,0.85866153,0.9897436,0.75384617,0.9192988,0.78970295,0.8825444,0.8892233,19.6,6.4,0.4,38.6,0.3568800866603851,0.8936419725418091,0.8632722,0.97959185,0.7625,0.91771764,0.7814178,0.87306815,0.87348205,24.4,7.6,1.0,47.8
4,0.0001,0.4,0.1,506,0.3871348679065704,0.8769230842590332,0.8526355,0.96923083,0.7384616,0.90494126,0.7533841,0.86804736,0.872876,19.2,6.8,1.2,37.8,0.3818446397781372,0.8812037110328674,0.8511836,0.97525513,0.7375,0.90855896,0.75726545,0.8654151,0.8639652,23.6,8.4,1.2,47.6
5,0.0001,0.4,0.1,506,0.40566115379333495,0.8615384697914124,0.8336609,0.96410257,0.70769227,0.8932551,0.7186343,0.84220904,0.854523,18.4,7.6,1.4,37.6,0.3850933849811554,0.8811728358268738,0.8549212,0.9710884,0.74375,0.9084832,0.7565601,0.8652463,0.8651519,23.8,8.2,1.4,47.4
6,0.0001,0.4,0.1,506,0.39245522022247314,0.8738461613655091,0.83571243,0.98461545,0.70769227,0.9038986,0.7451766,0.84142005,0.81727254,18.4,7.6,0.6,38.4,0.3785458207130432,0.8786419749259948,0.854054,0.9671769,0.74375,0.90645444,0.7497356,0.86799526,0.8627062,23.8,8.2,1.6,47.2
7,0.0001,0.4,0.1,506,0.3758919179439545,0.8738461613655091,0.8458708,0.9692308,0.7307693,0.9025365,0.743318,0.8613413,0.8466939,19.0,7.0,1.2,37.8,0.3508672475814819,0.8935802459716797,0.8631301,0.9795068,0.7625,0.91756785,0.7817386,0.88090456,0.874169,24.4,7.6,1.0,47.8
8,0.0001,0.4,0.1,506,0.4042608022689819,0.855384624004364,0.83509684,0.94871795,0.7153846,0.88768446,0.7001085,0.8420118,0.83094025,18.6,7.4,2.0,37.0,0.37701427936553955,0.8812037110328674,0.8544176,0.9713435,0.74375,0.9087548,0.754371,0.87301636,0.8702548,23.8,8.2,1.4,47.4
9,0.0001,0.4,0.1,506,0.3684584140777588,0.8953846216201782,0.86582774,0.97948724,0.7692308,0.9186605,0.7872051,0.9000987,0.8894517,20.0,6.0,0.8,38.2,0.3994006335735321,0.8737962961196899,0.8446347,0.9714286,0.725,0.90316856,0.74088824,0.85613185,0.8470896,23.2,8.8,1.4,47.4
0,1e-05,0.0,0.1,506,0.36587983965873716,0.8769230842590332,0.8482443,0.9692308,0.7384615,0.90450823,0.74733126,0.87840235,0.8780893,19.2,6.8,1.2,37.8,0.36094858646392824,0.8860802531242371,0.85961735,0.9713435,0.75625,0.91161615,0.76621795,0.8753826,0.87577903,24.2,7.8,1.4,47.4
1,1e-05,0.0,0.1,506,0.3755187392234802,0.8861538529396057,0.8580847,0.97435904,0.75384617,0.9118624,0.7677546,0.8627218,0.85644865,19.6,6.4,1.0,38.0,0.3792250692844391,0.878734576702118,0.8520335,0.9714286,0.7375,0.9064134,0.7548948,0.8590681,0.85628957,23.6,8.4,1.4,47.4
2,1e-05,0.0,0.1,506,0.39767072200775144,0.8676923155784607,0.84053963,0.96410257,0.72307694,0.8975061,0.7293828,0.85266274,0.84313333,18.8,7.2,1.4,37.6,0.3827401280403137,0.873888885974884,0.84718657,0.9672619,0.73125,0.9029937,0.7390373,0.8638035,0.86882985,23.4,8.6,1.6,47.2
3,1e-05,0.0,0.1,506,0.352685546875,0.8953846216201782,0.85866153,0.9897436,0.75384617,0.9192988,0.78970295,0.8823472,0.8910406,19.6,6.4,0.4,38.6,0.3493935942649841,0.8936419725418091,0.8632722,0.97959185,0.7625,0.91771764,0.7814178,0.87498665,0.8800127,24.4,7.6,1.0,47.8
4,1e-05,0.0,0.1,506,0.3803271770477295,0.8738461613655091,0.85180295,0.96410257,0.7384616,0.9023148,0.74563915,0.8668639,0.8693863,19.2,6.8,1.4,37.6,0.3736097514629364,0.8812037110328674,0.8511836,0.97525513,0.7375,0.90855896,0.75726545,0.8633131,0.8623066,23.6,8.4,1.2,47.6
5,1e-05,0.0,0.1,506,0.3998286068439484,0.8615384697914124,0.8336609,0.96410257,0.70769227,0.8932551,0.7186343,0.8414202,0.853977,18.4,7.6,1.4,37.6,0.37804500460624696,0.8811728358268738,0.8549212,0.9710884,0.74375,0.9084832,0.7565601,0.86421263,0.8595761,23.8,8.2,1.4,47.4
6,1e-05,0.0,0.1,506,0.3877622842788696,0.8738461613655091,0.83571243,0.98461545,0.70769227,0.9038986,0.7451766,0.8394478,0.82179147,18.4,7.6,0.6,38.4,0.3711648046970367,0.8786419749259948,0.854054,0.9671769,0.74375,0.90645444,0.7497356,0.8665551,0.8609579,23.8,8.2,1.6,47.2
7,1e-05,0.0,0.1,506,0.3732361257076263,0.8738461613655091,0.8458708,0.9692308,0.7307693,0.9025365,0.743318,0.8609468,0.85688627,19.0,7.0,1.2,37.8,0.34597027897834776,0.8935802459716797,0.8657756,0.9754251,0.76875,0.917235,0.7808845,0.8805033,0.87754965,24.6,7.4,1.2,47.6
8,1e-05,0.0,0.1,506,0.40281299948692323,0.8584615468978882,0.83842707,0.94871795,0.72307694,0.88965434,0.70662606,0.8406311,0.83208597,18.8,7.2,2.0,37.0,0.36945285797119143,0.878734576702118,0.853879,0.9672619,0.74375,0.90662634,0.7487051,0.8747967,0.8743666,23.8,8.2,1.6,47.2
9,1e-05,0.0,0.1,506,0.3573538064956665,0.8953846216201782,0.86582774,0.97948724,0.7692308,0.9186605,0.7872051,0.902071,0.8960484,20.0,6.0,0.8,38.2,0.39112007021903994,0.8712962985038757,0.8440708,0.9672619,0.725,0.9010806,0.7345118,0.8524089,0.84441817,23.2,8.8,1.6,47.2
0,1e-05,0.2,0.1,506,0.3715609133243561,0.8769230842590332,0.8482443,0.9692308,0.7384615,0.90450823,0.74733126,0.8760355,0.86570203,19.2,6.8,1.2,37.8,0.3681251585483551,0.8860802531242371,0.85961735,0.9713435,0.75625,0.91161615,0.76621795,0.8723134,0.8665344,24.2,7.8,1.4,47.4
1,1e-05,0.2,0.1,506,0.386030513048172,0.8861538529396057,0.8580847,0.97435904,0.75384617,0.9118624,0.7677546,0.85660744,0.8458818,19.6,6.4,1.0,38.0,0.3895064234733582,0.878734576702118,0.8520335,0.9714286,0.7375,0.9064134,0.7548948,0.8595916,0.85503083,23.6,8.4,1.4,47.4
2,1e-05,0.2,0.1,506,0.4072936952114105,0.8676923155784607,0.84053963,0.96410257,0.72307694,0.8975061,0.7293828,0.84260356,0.8286993,18.8,7.2,1.4,37.6,0.3941981017589569,0.8763580322265625,0.8478131,0.9713435,0.73125,0.90511405,0.7449485,0.85948265,0.86107457,23.4,8.6,1.4,47.4
3,1e-05,0.2,0.1,506,0.3630002200603485,0.8953846216201782,0.85866153,0.9897436,0.75384617,0.9192988,0.78970295,0.8793885,0.88278085,19.6,6.4,0.4,38.6,0.3638292610645294,0.8936419725418091,0.8632722,0.97959185,0.7625,0.91771764,0.7814178,0.8703656,0.86777896,24.4,7.6,1.0,47.8
4,1e-05,0.2,0.1,506,0.39072486758232117,0.8769230842590332,0.8526355,0.96923083,0.7384616,0.90494126,0.7533841,0.86587775,0.8715299,19.2,6.8,1.2,37.8,0.38431021571159363,0.8812037110328674,0.8511836,0.97525513,0.7375,0.90855896,0.75726545,0.86526096,0.8623619,23.6,8.4,1.2,47.6
5,1e-05,0.2,0.1,506,0.4112752079963684,0.8615384697914124,0.8336609,0.96410257,0.70769227,0.8932551,0.7186343,0.83905333,0.8486722,18.4,7.6,1.4,37.6,0.3933200478553772,0.8811728358268738,0.8549212,0.9710884,0.74375,0.9084832,0.7565601,0.8631896,0.861516,23.8,8.2,1.4,47.4
6,1e-05,0.2,0.1,506,0.39581910371780393,0.8738461613655091,0.83571243,0.98461545,0.70769227,0.9038986,0.7451766,0.8408283,0.8166996,18.4,7.6,0.6,38.4,0.38103446960449217,0.8786419749259948,0.854054,0.9671769,0.74375,0.90645444,0.7497356,0.8683966,0.862974,23.8,8.2,1.6,47.2
7,1e-05,0.2,0.1,506,0.3850486636161804,0.8738461613655091,0.8458708,0.9692308,0.7307693,0.9025365,0.743318,0.8635109,0.8554692,19.0,7.0,1.2,37.8,0.36280993223190305,0.8935802459716797,0.8631301,0.9795068,0.7625,0.91756785,0.7817386,0.88231295,0.87667483,24.4,7.6,1.0,47.8
8,1e-05,0.2,0.1,506,0.40704907178878785,0.855384624004364,0.83509684,0.94871795,0.7153846,0.88768446,0.7001085,0.84102565,0.8320435,18.6,7.4,2.0,37.0,0.37911578416824343,0.878734576702118,0.853879,0.9672619,0.74375,0.90662634,0.7487051,0.87352645,0.87069094,23.8,8.2,1.6,47.2
9,1e-05,0.2,0.1,506,0.3698851764202118,0.8953846216201782,0.86582774,0.97948724,0.7692308,0.9186605,0.7872051,0.90069026,0.89028347,20.0,6.0,0.8,38.2,0.4017170608043671,0.8737962961196899,0.8446347,0.9714286,0.725,0.90316856,0.74088824,0.8554967,0.845544,23.2,8.8,1.4,47.4
0,1e-05,0.4,0.1,506,0.38769649863243105,0.8769230842590332,0.8482443,0.9692308,0.7384615,0.90450823,0.74733126,0.8760356,0.8652814,19.2,6.8,1.2,37.8,0.38259626626968385,0.8885493874549866,0.86010647,0.9754251,0.75625,0.91374826,0.77176476,0.8712904,0.86376745,24.2,7.8,1.2,47.6
1,1e-05,0.4,0.1,506,0.395504492521286,0.8861538529396057,0.8580847,0.97435904,0.75384617,0.9118624,0.7677546,0.8571992,0.8479492,19.6,6.4,1.0,38.0,0.39794299006462097,0.878734576702118,0.8520335,0.9714286,0.7375,0.9064134,0.7548948,0.86009645,0.85215396,23.6,8.4,1.4,47.4
2,1e-05,0.4,0.1,506,0.4185386300086975,0.8676923155784607,0.84053963,0.96410257,0.72307694,0.8975061,0.7293828,0.84220904,0.8272659,18.8,7.2,1.4,37.6,0.4056001305580139,0.8763580322265625,0.8478131,0.9713435,0.73125,0.90511405,0.7449485,0.8568041,0.8567564,23.4,8.6,1.4,47.4
3,1e-05,0.4,0.1,506,0.37472503185272216,0.8953846216201782,0.85866153,0.9897436,0.75384617,0.9192988,0.78970295,0.8803748,0.88402444,19.6,6.4,0.4,38.6,0.37557709217071533,0.8936419725418091,0.8632722,0.97959185,0.7625,0.91771764,0.7814178,0.86895734,0.8645071,24.4,7.6,1.0,47.8
4,1e-05,0.4,0.1,506,0.4026734113693237,0.8769230842590332,0.8526355,0.96923083,0.7384616,0.90494126,0.7533841,0.86706114,0.87390506,19.2,6.8,1.2,37.8,0.3964854419231415,0.8812037110328674,0.8511836,0.97525513,0.7375,0.90855896,0.75726545,0.8655426,0.8629862,23.6,8.4,1.2,47.6
5,1e-05,0.4,0.1,506,0.4188202917575836,0.8615384697914124,0.8336609,0.96410257,0.70769227,0.8932551,0.7186343,0.8394478,0.84775865,18.4,7.6,1.4,37.6,0.40338404178619386,0.8836419701576232,0.85550565,0.97517,0.74375,0.91052544,0.76303834,0.862047,0.85963905,23.8,8.2,1.2,47.6
6,1e-05,0.4,0.1,506,0.4123276650905609,0.8738461613655091,0.83571243,0.98461545,0.70769227,0.9038986,0.7451766,0.842998,0.81937057,18.4,7.6,0.6,38.4,0.3964050829410553,0.8786419749259948,0.854054,0.9671769,0.74375,0.90645444,0.7497356,0.86775094,0.8622956,23.8,8.2,1.6,47.2
7,1e-05,0.4,0.1,506,0.38893447518348695,0.8738461613655091,0.8458708,0.9692308,0.7307693,0.9025365,0.7433181,0.8639053,0.8490613,19.0,7.0,1.2,37.8,0.3673778772354126,0.8935802459716797,0.8631301,0.97950685,0.7625,0.91756785,0.7817386,0.8806574,0.87395144,24.4,7.6,1.0,47.8
8,1e-05,0.4,0.1,506,0.4182269871234894,0.855384624004364,0.83509684,0.94871795,0.7153846,0.88768446,0.7001085,0.84142005,0.83365774,18.6,7.4,2.0,37.0,0.3907701313495636,0.8812037110328674,0.8544176,0.9713435,0.74375,0.9087548,0.754371,0.87391454,0.8714167,23.8,8.2,1.4,47.4
9,1e-05,0.4,0.1,506,0.38424330949783325,0.8953846216201782,0.86582774,0.97948724,0.7692308,0.9186605,0.7872051,0.90029585,0.8888178,20.0,6.0,0.8,38.2,0.41329776048660277,0.8737962961196899,0.8446347,0.9714286,0.725,0.90316856,0.74088824,0.8570326,0.8492104,23.2,8.8,1.4,47.4
