inner_es_loss,inner_es_accuracy,val_loss,val_accuracy,number_epochs,timestamp,checkpoint_dir_name,done,training_iteration,trial_id,date,time_this_iter_s,time_total_s,pid,hostname,node_ip,time_since_restore,iterations_since_restore,config/train_loop_config/learning_rate,config/train_loop_config/weight_decay,config/train_loop_config/dropout_rate,config/train_loop_config/batch_size,config/train_loop_config/dataset_test_round,config/train_loop_config/dataset_fold_round,logdir,inner_es_precision,inner_es_recall,inner_es_specificity,inner_es_f1_score,inner_es_mcc,inner_es_auroc,inner_es_auprc,inner_es_true_positives,inner_es_false_negatives,inner_es_false_positives,inner_es_true_negatives,val_precision,val_recall,val_specificity,val_f1_score,val_mcc,val_auroc,val_auprc,val_true_positives,val_false_negatives,val_false_positives,val_true_negatives
0.6709585189819336,0.604938268661499,0.6697210669517517,0.6078431606292725,65,1729267618,,False,1,1310a_00000,2024-10-18_18-06-58,347.6081850528717,347.6081850528717,187330,agq009,10.108.101.9,347.6081850528717,1,0.1,0.0,0.0,506,0,0,1310a_00000,0.60493827,1.0,0.0,0.75384617,0.047701646,0.5,0.60493827,0.0,32.0,0.0,49.0,0.60784316,1.0,0.0,0.75609756,0.04374181,0.5,0.60784316,0.0,40.0,0.0,62.0
0.6709584593772888,0.604938268661499,0.6697210669517517,0.6078431606292725,94,1729267650,,False,1,1310a_00001,2024-10-18_18-07-30,380.30560755729675,380.30560755729675,187331,agq009,10.108.101.9,380.30560755729675,1,0.1,0.0,0.2,506,0,0,1310a_00001,0.60493827,1.0,0.0,0.75384617,0.047701646,0.5,0.60493827,0.0,32.0,0.0,49.0,0.60784316,1.0,0.0,0.75609756,0.04374181,0.5,0.60784316,0.0,40.0,0.0,62.0
0.6709584593772888,0.604938268661499,0.6697221398353577,0.6078431606292725,55,1729267604,,False,1,1310a_00002,2024-10-18_18-06-44,333.4274888038635,333.4274888038635,187332,agq009,10.108.101.9,333.4274888038635,1,0.1,0.0,0.4,506,0,0,1310a_00002,0.60493827,1.0,0.0,0.75384617,0.047701646,0.5,0.60493827,0.0,32.0,0.0,49.0,0.60784316,1.0,0.0,0.75609756,0.04374181,0.5,0.60784316,0.0,40.0,0.0,62.0
0.6709584593772888,0.604938268661499,0.669722318649292,0.6078431606292725,37,1729267579,,False,1,1310a_00003,2024-10-18_18-06-19,309.2280671596527,309.2280671596527,187333,agq009,10.108.101.9,309.2280671596527,1,0.1,0.0,0.6,506,0,0,1310a_00003,0.60493827,1.0,0.0,0.75384617,0.047701646,0.5,0.60493827,0.0,32.0,0.0,49.0,0.60784316,1.0,0.0,0.75609756,0.04374181,0.5,0.60784316,0.0,40.0,0.0,62.0
0.6709584593772888,0.604938268661499,0.6697202920913696,0.6078431606292725,90,1729267950,,False,1,1310a_00004,2024-10-18_18-12-30,333.6903758049011,333.6903758049011,192639,agq009,10.108.101.9,333.6903758049011,1,0.1,0.0,0.8,506,0,0,1310a_00004,0.60493827,1.0,0.0,0.75384617,0.047701646,0.5,0.60493827,0.0,32.0,0.0,49.0,0.60784316,1.0,0.0,0.75609756,0.04374181,0.5,0.60784316,0.0,40.0,0.0,62.0
0.3076116442680359,0.8888888955116272,0.3363412320613861,0.8921568393707275,806,1729268900,,False,1,1310a_00005,2024-10-18_18-28-20,1270.8436870574951,1270.8436870574951,193209,agq009,10.108.101.9,1270.8436870574951,1,0.01,0.0,0.0,506,0,0,1310a_00005,0.85714287,0.97959185,0.75,0.9142857,0.77212745,0.8852041,0.88312227,24.0,8.0,1.0,48.0,0.84931505,1.0,0.725,0.91851854,0.78469956,0.84697574,0.82566917,29.0,11.0,0.0,62.0
0.3175491988658905,0.9012345671653748,0.32613444328308105,0.8921568393707275,734,1729268812,,False,1,1310a_00006,2024-10-18_18-26-52,1175.1438035964966,1175.1438035964966,193450,agq009,10.108.101.9,1175.1438035964966,1,0.01,0.0,0.2,506,0,0,1310a_00006,0.8596491,1.0,0.75,0.9245283,0.80295503,0.8788265,0.90292126,24.0,8.0,0.0,49.0,0.84931505,1.0,0.725,0.91851854,0.78469956,0.8820565,0.88625985,29.0,11.0,0.0,62.0
0.31713739037513733,0.9012345671653748,0.31154656410217285,0.8921568393707275,780,1729268901,,False,1,1310a_00007,2024-10-18_18-28-21,1225.7612135410309,1225.7612135410309,194428,agq009,10.108.101.9,1225.7612135410309,1,0.01,0.0,0.4,506,0,0,1310a_00007,0.8596491,1.0,0.75,0.9245283,0.80295503,0.8711735,0.8994407,24.0,8.0,0.0,49.0,0.84931505,1.0,0.725,0.91851854,0.78469956,0.8913306,0.894055,29.0,11.0,0.0,62.0
0.30397194623947144,0.9012345671653748,0.29984503984451294,0.8921568393707275,1882,1729270560,,False,1,1310a_00008,2024-10-18_18-56-00,2579.418997526169,2579.418997526169,198656,agq009,10.108.101.9,2579.418997526169,1,0.01,0.0,0.6,506,0,0,1310a_00008,0.8596491,1.0,0.75,0.9245283,0.80295503,0.8373724,0.8432109,24.0,8.0,0.0,49.0,0.84931505,1.0,0.725,0.91851854,0.78469956,0.8977823,0.89071804,29.0,11.0,0.0,62.0
0.46602264046669006,0.9012345671653748,0.4449142515659332,0.8725489974021912,539,1729269761,,False,1,1310a_00009,2024-10-18_18-42-41,910.8911683559418,910.8911683559418,208591,agq009,10.108.101.9,910.8911683559418,1,0.01,0.0,0.8,506,0,0,1310a_00009,0.8596491,1.0,0.75,0.9245283,0.80295503,0.87946427,0.90520114,24.0,8.0,0.0,49.0,0.82666665,1.0,0.675,0.90510947,0.74699396,0.89415324,0.8997667,27.0,13.0,0.0,62.0
0.31603944301605225,0.9012345671653748,0.3363560438156128,0.8921568393707275,1158,1729270647,,False,1,1310a_00010,2024-10-18_18-57-27,1711.848960161209,1711.848960161209,210127,agq009,10.108.101.9,1711.848960161209,1,0.001,0.0,0.0,506,0,0,1310a_00010,0.8596491,1.0,0.75,0.9245283,0.80295503,0.87436223,0.8659928,24.0,8.0,0.0,49.0,0.84931505,1.0,0.725,0.91851854,0.78469956,0.84697574,0.8184213,29.0,11.0,0.0,62.0
0.3197192847728729,0.9012345671653748,0.32938262820243835,0.8921568393707275,2416,1729272192,,False,1,1310a_00011,2024-10-18_19-23-12,3257.403344154358,3257.403344154358,210188,agq009,10.108.101.9,3257.403344154358,1,0.001,0.0,0.2,506,0,0,1310a_00011,0.8596491,1.0,0.75,0.9245283,0.80295503,0.8737245,0.85787225,24.0,8.0,0.0,49.0,0.84931505,1.0,0.725,0.91851854,0.78469956,0.87963706,0.87782884,29.0,11.0,0.0,62.0
0.3478039801120758,0.9012345671653748,0.3610996901988983,0.8921568393707275,1632,1729272130,,False,1,1310a_00012,2024-10-18_19-22-10,2312.735281944275,2312.735281944275,220731,agq009,10.108.101.9,2312.735281944275,1,0.001,0.0,0.4,506,0,0,1310a_00012,0.8596491,1.0,0.75,0.9245283,0.80295503,0.8839286,0.88840234,24.0,8.0,0.0,49.0,0.84931505,1.0,0.725,0.91851854,0.78469956,0.8747984,0.8752642,29.0,11.0,0.0,62.0
0.36704540252685547,0.9012345671653748,0.3631454408168793,0.8921568393707275,1974,1729273372,,False,1,1310a_00013,2024-10-18_19-42-52,2773.331888437271,2773.331888437271,230293,agq009,10.108.101.9,2773.331888437271,1,0.001,0.0,0.6,506,0,0,1310a_00013,0.8596491,1.0,0.75,0.9245283,0.80295503,0.8813776,0.90738803,24.0,8.0,0.0,49.0,0.84931505,1.0,0.725,0.91851854,0.78469956,0.89576614,0.8988705,29.0,11.0,0.0,62.0
0.4849386215209961,0.9012345671653748,0.47801581025123596,0.8921568393707275,1658,1729273058,,False,1,1310a_00014,2024-10-18_19-37-38,2365.266452074051,2365.266452074051,231293,agq009,10.108.101.9,2365.266452074051,1,0.001,0.0,0.8,506,0,0,1310a_00014,0.8596491,1.0,0.75,0.9245283,0.80295503,0.875,0.89662755,24.0,8.0,0.0,49.0,0.84931505,1.0,0.725,0.91851854,0.78469956,0.89536285,0.9030077,29.0,11.0,0.0,62.0
0.318007230758667,0.8888888955116272,0.33550775051116943,0.8921568393707275,4902,1729278617,,False,1,1310a_00015,2024-10-18_21-10-17,6452.399454116821,6452.399454116821,248779,agq009,10.108.101.9,6452.399454116821,1,0.0001,0.0,0.0,506,0,0,1310a_00015,0.85714287,0.97959185,0.75,0.9142857,0.77212745,0.8813775,0.87412566,24.0,8.0,1.0,48.0,0.84931505,1.0,0.725,0.91851854,0.78469956,0.84092736,0.8280719,29.0,11.0,0.0,62.0
0.36869868636131287,0.9012345671653748,0.38509392738342285,0.8921568393707275,9990,1729285171,,False,1,1310a_00016,2024-10-18_22-59-31,12951.472575187683,12951.472575187683,249762,agq009,10.108.101.9,12951.472575187683,1,0.0001,0.0,0.2,506,0,0,1310a_00016,0.8596491,1.0,0.75,0.9245283,0.80295503,0.8718113,0.86446077,24.0,8.0,0.0,49.0,0.84931505,1.0,0.725,0.91851854,0.78469956,0.8582661,0.85152304,29.0,11.0,0.0,62.0
0.4244994521141052,0.9012345671653748,0.4332951307296753,0.8725489974021912,9980,1729286085,,False,1,1310a_00017,2024-10-18_23-14-45,12992.16273188591,12992.16273188591,260161,agq009,10.108.101.9,12992.16273188591,1,0.0001,0.0,0.4,506,0,0,1310a_00017,0.8596491,1.0,0.75,0.9245283,0.80295503,0.87436223,0.87613404,24.0,8.0,0.0,49.0,0.82666665,1.0,0.675,0.90510947,0.74699396,0.8578629,0.84947383,27.0,13.0,0.0,62.0
0.4908260703086853,0.8888888955116272,0.4955300986766815,0.8627451062202454,9983,1729286164,,False,1,1310a_00018,2024-10-18_23-16-04,12746.437267303467,12746.437267303467,2272,agq009,10.108.101.9,12746.437267303467,1,0.0001,0.0,0.6,506,0,0,1310a_00018,0.8448276,1.0,0.71875,0.91588783,0.7792431,0.8692602,0.8731061,23.0,9.0,0.0,49.0,0.81578946,1.0,0.65,0.89855075,0.7281917,0.86149204,0.8669721,26.0,14.0,0.0,62.0
0.6710972785949707,0.604938268661499,0.6702659726142883,0.6078431606292725,412,1729279417,,False,1,1310a_00019,2024-10-18_21-23-37,758.5617055892944,758.5617055892944,63258,agq009,10.108.101.9,758.5617055892944,1,0.0001,0.0,0.8,506,0,0,1310a_00019,0.60493827,1.0,0.0,0.75384617,0.047701646,0.54591835,0.6554644,0.0,32.0,0.0,49.0,0.60784316,1.0,0.0,0.75609756,0.04374181,0.51431453,0.6551192,0.0,40.0,0.0,62.0
0.6642415523529053,0.604938268661499,0.663130521774292,0.6078431606292725,9999,1729292402,,False,1,1310a_00020,2024-10-19_01-00-02,12938.237166643143,12938.237166643143,72820,agq009,10.108.101.9,12938.237166643143,1,1e-05,0.0,0.0,506,0,0,1310a_00020,0.60493827,1.0,0.0,0.75384617,0.047701646,0.70535713,0.7764543,0.0,32.0,0.0,49.0,0.60784316,1.0,0.0,0.75609756,0.04374181,0.6485887,0.6668527,0.0,40.0,0.0,62.0
0.6687713265419006,0.604938268661499,0.6675769686698914,0.6078431606292725,9999,1729298133,,False,1,1310a_00021,2024-10-19_02-35-33,12882.141478776932,12882.141478776932,138390,agq009,10.108.101.9,12882.141478776932,1,1e-05,0.0,0.2,506,0,0,1310a_00021,0.60493827,1.0,0.0,0.75384617,0.047701646,0.56760204,0.68434066,0.0,32.0,0.0,49.0,0.60784316,1.0,0.0,0.75609756,0.04374181,0.5792339,0.6249201,0.0,40.0,0.0,62.0
0.6696931719779968,0.604938268661499,0.6685789227485657,0.6078431606292725,9999,1729299171,,False,1,1310a_00022,2024-10-19_02-52-51,13026.742130041122,13026.742130041122,149014,agq009,10.108.101.9,13026.742130041122,1,1e-05,0.0,0.4,506,0,0,1310a_00022,0.60493827,1.0,0.0,0.75384617,0.047701646,0.5714286,0.6579242,0.0,32.0,0.0,49.0,0.60784316,1.0,0.0,0.75609756,0.04374181,0.57721776,0.6339006,0.0,40.0,0.0,62.0
0.6706084609031677,0.604938268661499,0.6696621179580688,0.6078431606292725,5981,1729294071,,False,1,1310a_00023,2024-10-19_01-27-51,7881.000232696533,7881.000232696533,150285,agq009,10.108.101.9,7881.000232696533,1,1e-05,0.0,0.6,506,0,0,1310a_00023,0.60493827,1.0,0.0,0.75384617,0.047701646,0.5848214,0.6773275,0.0,32.0,0.0,49.0,0.60784316,1.0,0.0,0.75609756,0.04374181,0.56270164,0.66854274,0.0,40.0,0.0,62.0
0.671280026435852,0.604938268661499,0.6704788208007812,0.6078431606292725,3992,1729297763,,False,1,1310a_00024,2024-10-19_02-29-23,5309.217223644257,5309.217223644257,222416,agq009,10.108.101.9,5309.217223644257,1,1e-05,0.0,0.8,506,0,0,1310a_00024,0.60493827,1.0,0.0,0.75384617,0.047701646,0.54209185,0.65494776,0.0,32.0,0.0,49.0,0.60784316,1.0,0.0,0.75609756,0.04374181,0.51491934,0.65620524,0.0,40.0,0.0,62.0
0.42916885018348694,0.8148148059844971,0.4057861268520355,0.843137264251709,377,1729294874,,False,1,1310a_00025,2024-10-19_01-41-14,753.7149610519409,753.7149610519409,241530,agq009,10.108.101.9,753.7149610519409,1,0.1,0.0001,0.0,506,0,0,1310a_00025,0.8269231,0.877551,0.71875,0.85148513,0.6080481,0.85204077,0.8788829,23.0,9.0,6.0,43.0,0.8108108,0.9677419,0.65,0.88235295,0.67583096,0.87157255,0.88408387,26.0,14.0,2.0,60.0
0.42468661069869995,0.8888888955116272,0.405735582113266,0.8627451062202454,664,1729296030,,False,1,1310a_00026,2024-10-19_02-00-30,1087.4320042133331,1087.4320042133331,251086,agq009,10.108.101.9,1087.4320042133331,1,0.1,0.0001,0.2,506,0,0,1310a_00026,0.85714287,0.97959185,0.75,0.9142857,0.77212745,0.8769133,0.90414214,24.0,8.0,1.0,48.0,0.8243243,0.983871,0.675,0.89705884,0.7208275,0.890121,0.8930522,27.0,13.0,1.0,61.0
0.5763137340545654,0.8024691343307495,0.5841348767280579,0.7549019455909729,448,1729296899,,False,1,1310a_00027,2024-10-19_02-14-59,807.0954444408417,807.0954444408417,3005,agq009,10.108.101.9,807.0954444408417,1,0.1,0.0001,0.4,506,0,0,1310a_00027,0.7619048,0.97959185,0.53125,0.85714287,0.6006936,0.78252554,0.8210072,17.0,15.0,1.0,48.0,0.74666667,0.9032258,0.525,0.81751823,0.4738994,0.7719758,0.8041684,21.0,19.0,6.0,56.0
0.670831561088562,0.604938268661499,0.6697863936424255,0.6078431606292725,17,1729297213,,False,1,1310a_00028,2024-10-19_02-20-13,254.68119382858276,254.68119382858276,13621,agq009,10.108.101.9,254.68119382858276,1,0.1,0.0001,0.6,506,0,0,1310a_00028,0.60493827,1.0,0.0,0.75384617,0.047701646,0.57716835,0.6256799,0.0,32.0,0.0,49.0,0.60784316,1.0,0.0,0.75609756,0.04374181,0.49052423,0.6042721,0.0,40.0,0.0,62.0
0.6708061099052429,0.604938268661499,0.6698034405708313,0.6078431606292725,5,1729297502,,False,1,1310a_00029,2024-10-19_02-25-02,239.20467901229858,239.20467901229858,18201,agq009,10.108.101.9,239.20467901229858,1,0.1,0.0001,0.8,506,0,0,1310a_00029,0.60493827,1.0,0.0,0.75384617,0.047701646,0.5739796,0.6222478,0.0,32.0,0.0,49.0,0.60784316,1.0,0.0,0.75609756,0.04374181,0.48366934,0.59994644,0.0,40.0,0.0,62.0
0.30388569831848145,0.9012345671653748,0.33401450514793396,0.8921568393707275,1114,1729299192,,False,1,1310a_00030,2024-10-19_02-53-12,1639.03538107872,1639.03538107872,21994,agq009,10.108.101.9,1639.03538107872,1,0.01,0.0001,0.0,506,0,0,1310a_00030,0.8596491,1.0,0.75,0.9245283,0.80295503,0.88647956,0.89304245,24.0,8.0,0.0,49.0,0.84931505,1.0,0.725,0.91851854,0.78469956,0.85383064,0.83420235,29.0,11.0,0.0,62.0
0.31789061427116394,0.9012345671653748,0.3316129148006439,0.8921568393707275,828,1729299105,,False,1,1310a_00031,2024-10-19_02-51-45,1294.2853214740753,1294.2853214740753,25132,agq009,10.108.101.9,1294.2853214740753,1,0.01,0.0001,0.2,506,0,0,1310a_00031,0.8596491,1.0,0.75,0.9245283,0.80295503,0.8903061,0.89986193,24.0,8.0,0.0,49.0,0.84931505,1.0,0.725,0.91851854,0.78469956,0.8800403,0.8846424,29.0,11.0,0.0,62.0
0.3269440829753876,0.9012345671653748,0.33078932762145996,0.8921568393707275,1212,1729299977,,False,1,1310a_00032,2024-10-19_03-06-17,1792.0211644172668,1792.0211644172668,29950,agq009,10.108.101.9,1792.0211644172668,1,0.01,0.0001,0.4,506,0,0,1310a_00032,0.8596491,1.0,0.75,0.9245283,0.80295503,0.8871173,0.9155274,24.0,8.0,0.0,49.0,0.84931505,1.0,0.725,0.91851854,0.78469956,0.8877016,0.8955585,29.0,11.0,0.0,62.0
0.4051239490509033,0.9012345671653748,0.39751937985420227,0.8921568393707275,821,1729300456,,False,1,1310a_00033,2024-10-19_03-14-16,1289.7616341114044,1289.7616341114044,41235,agq009,10.108.101.9,1289.7616341114044,1,0.01,0.0001,0.6,506,0,0,1310a_00033,0.8596491,1.0,0.75,0.9245283,0.80295503,0.8845663,0.91198933,24.0,8.0,0.0,49.0,0.84931505,1.0,0.725,0.91851854,0.78469956,0.8929435,0.8998364,29.0,11.0,0.0,62.0
0.5186035633087158,0.8641975522041321,0.5005449652671814,0.8627451062202454,642,1729300245,,False,1,1310a_00034,2024-10-19_03-10-45,1051.02987241745,1051.02987241745,42333,agq009,10.108.101.9,1051.02987241745,1,0.01,0.0001,0.8,506,0,0,1310a_00034,0.81666666,1.0,0.65625,0.89908254,0.73207754,0.8781888,0.90463006,21.0,11.0,0.0,49.0,0.81578946,1.0,0.65,0.89855075,0.7281917,0.89294356,0.8986565,26.0,14.0,0.0,62.0
0.3119240701198578,0.8888888955116272,0.3377843499183655,0.8921568393707275,1330,1729301136,,False,1,1310a_00035,2024-10-19_03-25-36,1918.730951309204,1918.730951309204,42770,agq009,10.108.101.9,1918.730951309204,1,0.001,0.0001,0.0,506,0,0,1310a_00035,0.85714287,0.97959185,0.75,0.9142857,0.77212745,0.88265306,0.88039017,24.0,8.0,1.0,48.0,0.84931505,1.0,0.725,0.91851854,0.78469956,0.8413306,0.82496417,29.0,11.0,0.0,62.0
0.32014185190200806,0.9012345671653748,0.34425923228263855,0.8921568393707275,2415,1729303334,,False,1,1310a_00036,2024-10-19_04-02-14,3311.407172203064,3311.407172203064,52364,agq009,10.108.101.9,3311.407172203064,1,0.001,0.0001,0.2,506,0,0,1310a_00036,0.8596491,1.0,0.75,0.9245283,0.80295503,0.8922194,0.89277804,24.0,8.0,0.0,49.0,0.84931505,1.0,0.725,0.91851854,0.78469956,0.8542339,0.8390435,29.0,11.0,0.0,62.0
0.34678250551223755,0.9012345671653748,0.362324982881546,0.8921568393707275,2011,1729303102,,False,1,1310a_00037,2024-10-19_03-58-22,2798.440934419632,2798.440934419632,55801,agq009,10.108.101.9,2798.440934419632,1,0.001,0.0001,0.4,506,0,0,1310a_00037,0.8596491,1.0,0.75,0.9245283,0.80295503,0.90625,0.92242223,24.0,8.0,0.0,49.0,0.84931505,1.0,0.725,0.91851854,0.78469956,0.87237906,0.8779115,29.0,11.0,0.0,62.0
0.39568644762039185,0.9012345671653748,0.39856234192848206,0.8921568393707275,1716,1729302989,,False,1,1310a_00038,2024-10-19_03-56-29,2478.1290349960327,2478.1290349960327,58565,agq009,10.108.101.9,2478.1290349960327,1,0.001,0.0001,0.6,506,0,0,1310a_00038,0.8596491,1.0,0.75,0.9245283,0.80295503,0.89668363,0.92078847,24.0,8.0,0.0,49.0,0.84931505,1.0,0.725,0.91851854,0.78469956,0.8933468,0.89493096,29.0,11.0,0.0,62.0
0.5163279175758362,0.9012345671653748,0.5088489651679993,0.8823529481887817,1976,1729303960,,False,1,1310a_00039,2024-10-19_04-12-40,2774.946457386017,2774.946457386017,66732,agq009,10.108.101.9,2774.946457386017,1,0.001,0.0001,0.8,506,0,0,1310a_00039,0.8596491,1.0,0.75,0.9245283,0.80295503,0.8756378,0.90066016,24.0,8.0,0.0,49.0,0.8378378,1.0,0.7,0.9117647,0.7658241,0.8977823,0.9008316,28.0,12.0,0.0,62.0
0.3153919577598572,0.8888888955116272,0.3355068266391754,0.8921568393707275,5023,1729309759,,False,1,1310a_00040,2024-10-19_05-49-19,6697.976647615433,6697.976647615433,88233,agq009,10.108.101.9,6697.976647615433,1,0.0001,0.0001,0.0,506,0,0,1310a_00040,0.85714287,0.97959185,0.75,0.9142857,0.77212745,0.8839286,0.87926847,24.0,8.0,1.0,48.0,0.84931505,1.0,0.725,0.91851854,0.78469956,0.8336693,0.8225238,29.0,11.0,0.0,62.0
0.3565826117992401,0.9012345671653748,0.3692394196987152,0.8921568393707275,9957,1729316075,,False,1,1310a_00041,2024-10-19_07-34-35,12946.38857960701,12946.38857960701,89552,agq009,10.108.101.9,12946.38857960701,1,0.0001,0.0001,0.2,506,0,0,1310a_00041,0.8596491,1.0,0.75,0.9245283,0.80295503,0.87691325,0.8677452,24.0,8.0,0.0,49.0,0.84931505,1.0,0.725,0.91851854,0.78469956,0.8610887,0.8447251,29.0,11.0,0.0,62.0
0.41932663321495056,0.9012345671653748,0.4269043505191803,0.8921568393707275,9980,1729316496,,False,1,1310a_00042,2024-10-19_07-41-36,13127.35903787613,13127.35903787613,92812,agq009,10.108.101.9,13127.35903787613,1,0.0001,0.0001,0.4,506,0,0,1310a_00042,0.8596491,1.0,0.75,0.9245283,0.80295503,0.872449,0.8748578,24.0,8.0,0.0,49.0,0.84931505,1.0,0.725,0.91851854,0.78469956,0.859879,0.85574204,29.0,11.0,0.0,62.0
0.5048409104347229,0.8888888955116272,0.5098511576652527,0.8725489974021912,9983,1729317092,,False,1,1310a_00043,2024-10-19_07-51-32,13073.14716053009,13073.14716053009,100352,agq009,10.108.101.9,13073.14716053009,1,0.0001,0.0001,0.6,506,0,0,1310a_00043,0.8448276,1.0,0.71875,0.91588783,0.7792431,0.87691325,0.8787265,23.0,9.0,0.0,49.0,0.82666665,1.0,0.675,0.90510947,0.74699396,0.8558468,0.8575245,27.0,13.0,0.0,62.0
0.6711169481277466,0.604938268661499,0.6702943444252014,0.6078431606292725,415,1729310614,,False,1,1310a_00044,2024-10-19_06-03-34,791.3609733581543,791.3609733581543,166271,agq009,10.108.101.9,791.3609733581543,1,0.0001,0.0001,0.8,506,0,0,1310a_00044,0.60493827,1.0,0.0,0.75384617,0.047701646,0.5427296,0.65892977,0.0,32.0,0.0,49.0,0.60784316,1.0,0.0,0.75609756,0.04374181,0.5060484,0.65053374,0.0,40.0,0.0,62.0
0.6678957343101501,0.604938268661499,0.6667571663856506,0.6078431606292725,9999,1729323696,,False,1,1310a_00045,2024-10-19_09-41-36,13029.197949647903,13029.197949647903,176494,agq009,10.108.101.9,13029.197949647903,1,1e-05,0.0001,0.0,506,0,0,1310a_00045,0.60493827,1.0,0.0,0.75384617,0.047701646,0.6913265,0.7562554,0.0,32.0,0.0,49.0,0.60784316,1.0,0.0,0.75609756,0.04374181,0.634879,0.65831876,0.0,40.0,0.0,62.0
0.6698183417320251,0.604938268661499,0.6687799096107483,0.6078431606292725,9999,1729329008,,False,1,1310a_00046,2024-10-19_11-10-08,12853.325668811798,12853.325668811798,239558,agq009,10.108.101.9,12853.325668811798,1,1e-05,0.0001,0.2,506,0,0,1310a_00046,0.60493827,1.0,0.0,0.75384617,0.047701646,0.6466837,0.6942503,0.0,32.0,0.0,49.0,0.60784316,1.0,0.0,0.75609756,0.04374181,0.60584676,0.6543072,0.0,40.0,0.0,62.0
0.6701602935791016,0.604938268661499,0.669150710105896,0.6078431606292725,9999,1729329307,,False,1,1310a_00047,2024-10-19_11-15-07,12748.268228054047,12748.268228054047,244677,agq009,10.108.101.9,12748.268228054047,1,1e-05,0.0001,0.4,506,0,0,1310a_00047,0.60493827,1.0,0.0,0.75384617,0.047701646,0.6352041,0.7092796,0.0,32.0,0.0,49.0,0.60784316,1.0,0.0,0.75609756,0.04374181,0.6006048,0.67854804,0.0,40.0,0.0,62.0
0.6706666946411133,0.604938268661499,0.669740617275238,0.6078431606292725,5980,1729325187,,False,1,1310a_00048,2024-10-19_10-06-27,8012.405682325363,8012.405682325363,251855,agq009,10.108.101.9,8012.405682325363,1,1e-05,0.0001,0.6,506,0,0,1310a_00048,0.60493827,1.0,0.0,0.75384617,0.047701646,0.5822704,0.6857333,0.0,32.0,0.0,49.0,0.60784316,1.0,0.0,0.75609756,0.04374181,0.5530242,0.669741,0.0,40.0,0.0,62.0
0.6711994409561157,0.604938268661499,0.6703853011131287,0.6078431606292725,4912,1729330320,,False,1,1310a_00049,2024-10-19_11-32-00,6561.295945644379,6561.295945644379,66250,agq009,10.108.101.9,6561.295945644379,1,1e-05,0.0001,0.8,506,0,0,1310a_00049,0.60493827,1.0,0.0,0.75384617,0.047701646,0.54400516,0.656379,0.0,32.0,0.0,49.0,0.60784316,1.0,0.0,0.75609756,0.04374181,0.5112903,0.6550931,0.0,40.0,0.0,62.0
0.45797309279441833,0.8395061492919922,0.43718138337135315,0.8333333134651184,488,1729326066,,False,1,1310a_00050,2024-10-19_10-21-06,848.1416466236115,848.1416466236115,83274,agq009,10.108.101.9,848.1416466236115,1,0.1,0.001,0.0,506,0,0,1310a_00050,0.8103448,0.9591837,0.65625,0.8785047,0.6672312,0.8380102,0.87084925,21.0,11.0,2.0,47.0,0.7922078,0.983871,0.6,0.8776978,0.66271585,0.865121,0.8809881,24.0,16.0,1.0,61.0
0.6708491444587708,0.604938268661499,0.6698015332221985,0.6078431606292725,10,1729326368,,False,1,1310a_00051,2024-10-19_10-26-08,243.3463385105133,243.3463385105133,93858,agq009,10.108.101.9,243.3463385105133,1,0.1,0.001,0.2,506,0,0,1310a_00051,0.60493827,1.0,0.0,0.75384617,0.047701646,0.5688776,0.62169784,0.0,32.0,0.0,49.0,0.60784316,1.0,0.0,0.75609756,0.04374181,0.4800403,0.59824044,0.0,40.0,0.0,62.0
0.670845091342926,0.604938268661499,0.6696680188179016,0.6078431606292725,29,1729326702,,False,1,1310a_00052,2024-10-19_10-31-42,283.38350343704224,283.38350343704224,97660,agq009,10.108.101.9,283.38350343704224,1,0.1,0.001,0.4,506,0,0,1310a_00052,0.60493827,1.0,0.0,0.75384617,0.047701646,0.6007653,0.6390929,0.0,32.0,0.0,49.0,0.60784316,1.0,0.0,0.75609756,0.04374181,0.53810483,0.64904237,0.0,40.0,0.0,62.0
0.6708356142044067,0.604938268661499,0.6698622703552246,0.6078431606292725,7,1729327012,,False,1,1310a_00053,2024-10-19_10-36-52,258.8120813369751,258.8120813369751,101800,agq009,10.108.101.9,258.8120813369751,1,0.1,0.001,0.6,506,0,0,1310a_00053,0.60493827,1.0,0.0,0.75384617,0.047701646,0.5637755,0.61887026,0.0,32.0,0.0,49.0,0.60784316,1.0,0.0,0.75609756,0.04374181,0.47318548,0.5933596,0.0,40.0,0.0,62.0
0.6708341836929321,0.604938268661499,0.669768214225769,0.6078431606292725,7,1729327320,,False,1,1310a_00054,2024-10-19_10-42-00,256.2354271411896,256.2354271411896,105595,agq009,10.108.101.9,256.2354271411896,1,0.1,0.001,0.8,506,0,0,1310a_00054,0.60493827,1.0,0.0,0.75384617,0.047701646,0.5746173,0.62251544,0.0,32.0,0.0,49.0,0.60784316,1.0,0.0,0.75609756,0.04374181,0.4905242,0.60216534,0.0,40.0,0.0,62.0
0.3179982900619507,0.9012345671653748,0.32194802165031433,0.8921568393707275,1658,1729329725,,False,1,1310a_00055,2024-10-19_11-22-05,2352.4841787815094,2352.4841787815094,109704,agq009,10.108.101.9,2352.4841787815094,1,0.01,0.001,0.0,506,0,0,1310a_00055,0.8596491,1.0,0.75,0.9245283,0.80295503,0.8947704,0.906268,24.0,8.0,0.0,49.0,0.84931505,1.0,0.725,0.91851854,0.78469956,0.895363,0.880518,29.0,11.0,0.0,62.0
0.6706589460372925,0.604938268661499,0.6697360277175903,0.6078431606292725,21,1729329317,,False,1,1310a_00056,2024-10-19_11-15-17,258.9312801361084,258.9312801361084,129126,agq009,10.108.101.9,258.9312801361084,1,0.01,0.001,0.2,506,0,0,1310a_00056,0.60493827,1.0,0.0,0.75384617,0.047701646,0.5816327,0.66471165,0.0,32.0,0.0,49.0,0.60784316,1.0,0.0,0.75609756,0.04374181,0.527621,0.6571553,0.0,40.0,0.0,62.0
0.670640766620636,0.604938268661499,0.6696829199790955,0.6078431606292725,16,1729329596,,False,1,1310a_00057,2024-10-19_11-19-56,256.3836636543274,256.3836636543274,133067,agq009,10.108.101.9,256.3836636543274,1,0.01,0.001,0.4,506,0,0,1310a_00057,0.60493827,1.0,0.0,0.75384617,0.047701646,0.59375,0.6703585,0.0,32.0,0.0,49.0,0.60784316,1.0,0.0,0.75609756,0.04374181,0.5292339,0.65834594,0.0,40.0,0.0,62.0
0.6706364154815674,0.604938268661499,0.6696929931640625,0.6078431606292725,19,1729329596,,False,1,1310a_00058,2024-10-19_11-19-56,256.5907714366913,256.5907714366913,133177,agq009,10.108.101.9,256.5907714366913,1,0.01,0.001,0.6,506,0,0,1310a_00058,0.60493827,1.0,0.0,0.75384617,0.047701646,0.59438777,0.67348295,0.0,32.0,0.0,49.0,0.60784316,1.0,0.0,0.75609756,0.04374181,0.5425403,0.6619323,0.0,40.0,0.0,62.0
0.670746386051178,0.604938268661499,0.6696090698242188,0.6078431606292725,46,1729329952,,False,1,1310a_00059,2024-10-19_11-25-52,308.083687543869,308.083687543869,137015,agq009,10.108.101.9,308.083687543869,1,0.01,0.001,0.8,506,0,0,1310a_00059,0.60493827,1.0,0.0,0.75384617,0.047701646,0.6390306,0.72886366,0.0,32.0,0.0,49.0,0.60784316,1.0,0.0,0.75609756,0.04374181,0.6002016,0.6655977,0.0,40.0,0.0,62.0
0.34209978580474854,0.8888888955116272,0.3687531352043152,0.8921568393707275,2556,1729333177,,False,1,1310a_00060,2024-10-19_12-19-37,3533.263288497925,3533.263288497925,137016,agq009,10.108.101.9,3533.263288497925,1,0.001,0.001,0.0,506,0,0,1310a_00060,0.85714287,0.97959185,0.75,0.9142857,0.77212745,0.89540815,0.8910116,24.0,8.0,1.0,48.0,0.84931505,1.0,0.725,0.91851854,0.78469956,0.85020167,0.8549034,29.0,11.0,0.0,62.0
0.36404159665107727,0.9012345671653748,0.3686898648738861,0.8921568393707275,4084,1729335162,,False,1,1310a_00061,2024-10-19_12-52-42,5391.277682065964,5391.277682065964,139252,agq009,10.108.101.9,5391.277682065964,1,0.001,0.001,0.2,506,0,0,1310a_00061,0.8596491,1.0,0.75,0.9245283,0.80295503,0.87882656,0.8957231,24.0,8.0,0.0,49.0,0.84931505,1.0,0.725,0.91851854,0.78469956,0.8933468,0.8955966,29.0,11.0,0.0,62.0
0.67033451795578,0.604938268661499,0.669278621673584,0.6078431606292725,429,1729330762,,False,1,1310a_00062,2024-10-19_11-39-22,772.4963738918304,772.4963738918304,142144,agq009,10.108.101.9,772.4963738918304,1,0.001,0.001,0.4,506,0,0,1310a_00062,0.60493827,1.0,0.0,0.75384617,0.047701646,0.6511479,0.7194094,0.0,32.0,0.0,49.0,0.60784316,1.0,0.0,0.75609756,0.04374181,0.6066532,0.6861044,0.0,40.0,0.0,62.0
0.6703746318817139,0.604938268661499,0.6693577766418457,0.6078431606292725,459,1729331202,,False,1,1310a_00063,2024-10-19_11-46-42,832.969402551651,832.969402551651,146928,agq009,10.108.101.9,832.969402551651,1,0.001,0.001,0.6,506,0,0,1310a_00063,0.60493827,1.0,0.0,0.75384617,0.047701646,0.68813777,0.75260854,0.0,32.0,0.0,49.0,0.60784316,1.0,0.0,0.75609756,0.04374181,0.6227823,0.670557,0.0,40.0,0.0,62.0
0.6704825758934021,0.604938268661499,0.6694608330726624,0.6078431606292725,409,1729331542,,False,1,1310a_00064,2024-10-19_11-52-22,749.0663871765137,749.0663871765137,152106,agq009,10.108.101.9,749.0663871765137,1,0.001,0.001,0.8,506,0,0,1310a_00064,0.60493827,1.0,0.0,0.75384617,0.047701646,0.65051025,0.7301302,0.0,32.0,0.0,49.0,0.60784316,1.0,0.0,0.75609756,0.04374181,0.6038307,0.667487,0.0,40.0,0.0,62.0
0.33285462856292725,0.9012345671653748,0.34318846464157104,0.8921568393707275,9108,1729343223,,False,1,1310a_00065,2024-10-19_15-07-03,11983.23869919777,11983.23869919777,157611,agq009,10.108.101.9,11983.23869919777,1,0.0001,0.001,0.0,506,0,0,1310a_00065,0.8596491,1.0,0.75,0.9245283,0.80295503,0.8692602,0.8301916,24.0,8.0,0.0,49.0,0.84931505,1.0,0.725,0.91851854,0.78469956,0.8477823,0.82875293,29.0,11.0,0.0,62.0
0.6704185605049133,0.604938268661499,0.6694162487983704,0.6078431606292725,2415,1729334887,,False,1,1310a_00066,2024-10-19_12-48-07,3304.236194372177,3304.236194372177,161778,agq009,10.108.101.9,3304.236194372177,1,0.0001,0.001,0.2,506,0,0,1310a_00066,0.60493827,1.0,0.0,0.75384617,0.047701646,0.6741072,0.74331576,0.0,32.0,0.0,49.0,0.60784316,1.0,0.0,0.75609756,0.04374181,0.6179435,0.7147027,0.0,40.0,0.0,62.0
0.6704292893409729,0.604938268661499,0.6694483757019043,0.6078431606292725,2413,1729336598,,False,1,1310a_00067,2024-10-19_13-16-38,3371.6793854236603,3371.6793854236603,180821,agq009,10.108.101.9,3371.6793854236603,1,0.0001,0.001,0.4,506,0,0,1310a_00067,0.60493827,1.0,0.0,0.75384617,0.047701646,0.666454,0.7505076,0.0,32.0,0.0,49.0,0.60784316,1.0,0.0,0.75609756,0.04374181,0.6171371,0.71058875,0.0,40.0,0.0,62.0
0.6708330512046814,0.604938268661499,0.6699619889259338,0.6078431606292725,459,1729335771,,False,1,1310a_00068,2024-10-19_13-02-51,837.1288719177246,837.1288719177246,201465,agq009,10.108.101.9,837.1288719177246,1,0.0001,0.001,0.6,506,0,0,1310a_00068,0.60493827,1.0,0.0,0.75384617,0.047701646,0.53125006,0.66236204,0.0,32.0,0.0,49.0,0.60784316,1.0,0.0,0.75609756,0.04374181,0.49334678,0.6368845,0.0,40.0,0.0,62.0
0.6711763739585876,0.604938268661499,0.6703757643699646,0.6078431606292725,415,1729335965,,False,1,1310a_00069,2024-10-19_13-06-05,770.2506332397461,770.2506332397461,204925,agq009,10.108.101.9,770.2506332397461,1,0.0001,0.001,0.8,506,0,0,1310a_00069,0.60493827,1.0,0.0,0.75384617,0.047701646,0.52104586,0.666342,0.0,32.0,0.0,49.0,0.60784316,1.0,0.0,0.75609756,0.04374181,0.4844758,0.6336516,0.0,40.0,0.0,62.0
0.6705356240272522,0.604938268661499,0.6695148944854736,0.6078431606292725,9999,1729348785,,False,1,1310a_00070,2024-10-19_16-39-45,12983.108866214752,12983.108866214752,212167,agq009,10.108.101.9,12983.108866214752,1,1e-05,0.001,0.0,506,0,0,1310a_00070,0.60493827,1.0,0.0,0.75384617,0.047701646,0.63966835,0.7174155,0.0,32.0,0.0,49.0,0.60784316,1.0,0.0,0.75609756,0.04374181,0.6094758,0.71170497,0.0,40.0,0.0,62.0
0.6705467104911804,0.604938268661499,0.6695965528488159,0.6078431606292725,9496,1729348507,,False,1,1310a_00071,2024-10-19_16-35-07,12503.6774456501,12503.6774456501,214938,agq009,10.108.101.9,12503.6774456501,1,1e-05,0.001,0.2,506,0,0,1310a_00071,0.60493827,1.0,0.0,0.75384617,0.047701646,0.6320153,0.72285646,0.0,32.0,0.0,49.0,0.60784316,1.0,0.0,0.75609756,0.04374181,0.5743952,0.6899272,0.0,40.0,0.0,62.0
0.6706110239028931,0.604938268661499,0.6696696281433105,0.6078431606292725,9496,1729348931,,False,1,1310a_00072,2024-10-19_16-42-11,12302.350876808167,12302.350876808167,222492,agq009,10.108.101.9,12302.350876808167,1,1e-05,0.001,0.4,506,0,0,1310a_00072,0.60493827,1.0,0.0,0.75384617,0.047701646,0.6141582,0.7115914,0.0,32.0,0.0,49.0,0.60784316,1.0,0.0,0.75609756,0.04374181,0.5578629,0.6810096,0.0,40.0,0.0,62.0
0.6707688570022583,0.604938268661499,0.669877290725708,0.6078431606292725,5979,1729351310,,False,1,1310a_00073,2024-10-19_17-21-50,8041.131152391434,8041.131152391434,37267,agq009,10.108.101.9,8041.131152391434,1,1e-05,0.001,0.6,506,0,0,1310a_00073,0.60493827,1.0,0.0,0.75384617,0.047701646,0.5478316,0.67259336,0.0,32.0,0.0,49.0,0.60784316,1.0,0.0,0.75609756,0.04374181,0.5135081,0.6565893,0.0,40.0,0.0,62.0
0.6712015271186829,0.604938268661499,0.6704005599021912,0.6078431606292725,4914,1729355131,,False,1,1310a_00074,2024-10-19_18-25-31,6571.155603647232,6571.155603647232,97328,agq009,10.108.101.9,6571.155603647232,1,1e-05,0.001,0.8,506,0,0,1310a_00074,0.60493827,1.0,0.0,0.75384617,0.047701646,0.523597,0.67212486,0.0,32.0,0.0,49.0,0.60784316,1.0,0.0,0.75609756,0.04374181,0.48931456,0.643702,0.0,40.0,0.0,62.0
0.6709450483322144,0.604938268661499,0.6697413921356201,0.6078431606292725,15,1729349088,,False,1,1310a_00075,2024-10-19_16-44-48,257.5336754322052,257.5336754322052,100790,agq009,10.108.101.9,257.5336754322052,1,0.1,0.01,0.0,506,0,0,1310a_00075,0.60493827,1.0,0.0,0.75384617,0.047701646,0.57334185,0.6175177,0.0,32.0,0.0,49.0,0.60784316,1.0,0.0,0.75609756,0.04374181,0.48225802,0.592326,0.0,40.0,0.0,62.0
0.670902669429779,0.604938268661499,0.6697685122489929,0.6078431606292725,4,1729349229,,False,1,1310a_00076,2024-10-19_16-47-09,248.52176666259766,248.52176666259766,102890,agq009,10.108.101.9,248.52176666259766,1,0.1,0.01,0.2,506,0,0,1310a_00076,0.60493827,1.0,0.0,0.75384617,0.047701646,0.5950255,0.63537353,0.0,32.0,0.0,49.0,0.60784316,1.0,0.0,0.75609756,0.04374181,0.5074597,0.6206281,0.0,40.0,0.0,62.0
0.6708258986473083,0.604938268661499,0.6699150800704956,0.6078431606292725,3,1729349379,,False,1,1310a_00077,2024-10-19_16-49-39,248.0085895061493,248.0085895061493,105002,agq009,10.108.101.9,248.0085895061493,1,0.1,0.01,0.4,506,0,0,1310a_00077,0.60493827,1.0,0.0,0.75384617,0.047701646,0.5822704,0.63086694,0.0,32.0,0.0,49.0,0.60784316,1.0,0.0,0.75609756,0.04374181,0.49213713,0.6124502,0.0,40.0,0.0,62.0
0.670872151851654,0.604938268661499,0.6698665022850037,0.6078431606292725,5,1729349521,,False,1,1310a_00078,2024-10-19_16-52-01,246.05597281455994,246.05597281455994,107088,agq009,10.108.101.9,246.05597281455994,1,0.1,0.01,0.6,506,0,0,1310a_00078,0.60493827,1.0,0.0,0.75384617,0.047701646,0.57589287,0.62375915,0.0,32.0,0.0,49.0,0.60784316,1.0,0.0,0.75609756,0.04374181,0.48850805,0.60278916,0.0,40.0,0.0,62.0
0.6709454655647278,0.604938268661499,0.6697461009025574,0.6078431606292725,69,1729349743,,False,1,1310a_00079,2024-10-19_16-55-43,324.6414828300476,324.6414828300476,109181,agq009,10.108.101.9,324.6414828300476,1,0.1,0.01,0.8,506,0,0,1310a_00079,0.60493827,1.0,0.0,0.75384617,0.047701646,0.6371174,0.6689562,0.0,32.0,0.0,49.0,0.60784316,1.0,0.0,0.75609756,0.04374181,0.55040324,0.6710637,0.0,40.0,0.0,62.0
0.6708274483680725,0.604938268661499,0.6699061393737793,0.6078431606292725,7,1729349800,,False,1,1310a_00080,2024-10-19_16-56-40,247.14758563041687,247.14758563041687,111306,agq009,10.108.101.9,247.14758563041687,1,0.01,0.01,0.0,506,0,0,1310a_00080,0.60493827,1.0,0.0,0.75384617,0.047701646,0.565051,0.63778275,0.0,32.0,0.0,49.0,0.60784316,1.0,0.0,0.75609756,0.04374181,0.4800403,0.6070105,0.0,40.0,0.0,62.0
0.6708024740219116,0.604938268661499,0.6698492169380188,0.6078431606292725,7,1729350031,,False,1,1310a_00081,2024-10-19_17-00-31,248.6717791557312,248.6717791557312,114114,agq009,10.108.101.9,248.6717791557312,1,0.01,0.01,0.2,506,0,0,1310a_00081,0.60493827,1.0,0.0,0.75384617,0.047701646,0.5663265,0.6389726,0.0,32.0,0.0,49.0,0.60784316,1.0,0.0,0.75609756,0.04374181,0.4826613,0.611002,0.0,40.0,0.0,62.0
0.6707803606987,0.604938268661499,0.669800877571106,0.6078431606292725,7,1729350073,,False,1,1310a_00082,2024-10-19_17-01-13,250.43836307525635,250.43836307525635,115073,agq009,10.108.101.9,250.43836307525635,1,0.01,0.01,0.4,506,0,0,1310a_00082,0.60493827,1.0,0.0,0.75384617,0.047701646,0.5727041,0.644511,0.0,32.0,0.0,49.0,0.60784316,1.0,0.0,0.75609756,0.04374181,0.4893145,0.6159548,0.0,40.0,0.0,62.0
0.6708019375801086,0.604938268661499,0.6698279976844788,0.6078431606292725,7,1729350308,,False,1,1310a_00083,2024-10-19_17-05-08,245.98951411247253,245.98951411247253,118378,agq009,10.108.101.9,245.98951411247253,1,0.01,0.01,0.6,506,0,0,1310a_00083,0.60493827,1.0,0.0,0.75384617,0.047701646,0.55484694,0.63850135,0.0,32.0,0.0,49.0,0.60784316,1.0,0.0,0.75609756,0.04374181,0.4840726,0.6107237,0.0,40.0,0.0,62.0
0.6708312630653381,0.604938268661499,0.6698417067527771,0.6078431606292725,6,1729350337,,False,1,1310a_00084,2024-10-19_17-05-37,243.02778577804565,243.02778577804565,119008,agq009,10.108.101.9,243.02778577804565,1,0.01,0.01,0.8,506,0,0,1310a_00084,0.60493827,1.0,0.0,0.75384617,0.047701646,0.53507656,0.629769,0.0,32.0,0.0,49.0,0.60784316,1.0,0.0,0.75609756,0.04374181,0.48165318,0.624797,0.0,40.0,0.0,62.0
0.6709550023078918,0.604938268661499,0.6700593829154968,0.6078431606292725,34,1729350617,,False,1,1310a_00085,2024-10-19_17-10-17,277.4691700935364,277.4691700935364,122302,agq009,10.108.101.9,277.4691700935364,1,0.001,0.01,0.0,506,0,0,1310a_00085,0.60493827,1.0,0.0,0.75384617,0.047701646,0.5223214,0.62034225,0.0,32.0,0.0,49.0,0.60784316,1.0,0.0,0.75609756,0.04374181,0.46189514,0.5979824,0.0,40.0,0.0,62.0
0.6710088849067688,0.604938268661499,0.6701251268386841,0.6078431606292725,35,1729350648,,False,1,1310a_00086,2024-10-19_17-10-48,281.5820460319519,281.5820460319519,122820,agq009,10.108.101.9,281.5820460319519,1,0.001,0.01,0.2,506,0,0,1310a_00086,0.60493827,1.0,0.0,0.75384617,0.047701646,0.51434946,0.6200867,0.0,32.0,0.0,49.0,0.60784316,1.0,0.0,0.75609756,0.04374181,0.45846775,0.5961806,0.0,40.0,0.0,62.0
0.671018123626709,0.604938268661499,0.6701306104660034,0.6078431606292725,37,1729350962,,False,1,1310a_00087,2024-10-19_17-16-02,288.05935525894165,288.05935525894165,126548,agq009,10.108.101.9,288.05935525894165,1,0.001,0.01,0.4,506,0,0,1310a_00087,0.60493827,1.0,0.0,0.75384617,0.047701646,0.51403064,0.6200134,0.0,32.0,0.0,49.0,0.60784316,1.0,0.0,0.75609756,0.04374181,0.45786288,0.59662735,0.0,40.0,0.0,62.0
0.6711059212684631,0.604938268661499,0.6702345013618469,0.6078431606292725,40,1729350963,,False,1,1310a_00088,2024-10-19_17-16-03,288.52940678596497,288.52940678596497,127059,agq009,10.108.101.9,288.52940678596497,1,0.001,0.01,0.6,506,0,0,1310a_00088,0.60493827,1.0,0.0,0.75384617,0.047701646,0.51084185,0.6151744,0.0,32.0,0.0,49.0,0.60784316,1.0,0.0,0.75609756,0.04374181,0.4546371,0.59524703,0.0,40.0,0.0,62.0
0.6710780262947083,0.604938268661499,0.6700001955032349,0.6078431606292725,412,1729351799,,False,1,1310a_00089,2024-10-19_17-29-59,779.0230462551117,779.0230462551117,131579,agq009,10.108.101.9,779.0230462551117,1,0.001,0.01,0.8,506,0,0,1310a_00089,0.60493827,1.0,0.0,0.75384617,0.047701646,0.54878825,0.6169698,0.0,32.0,0.0,49.0,0.60784316,1.0,0.0,0.75609756,0.04374181,0.46008065,0.59041244,0.0,40.0,0.0,62.0
0.6711121797561646,0.604938268661499,0.67010897397995,0.6078431606292725,1943,1729353759,,False,1,1310a_00090,2024-10-19_18-02-39,2738.5914313793182,2738.5914313793182,131580,agq009,10.108.101.9,2738.5914313793182,1,0.0001,0.01,0.0,506,0,0,1310a_00090,0.60493827,1.0,0.0,0.75384617,0.047701646,0.5561224,0.6184008,0.0,32.0,0.0,49.0,0.60784316,1.0,0.0,0.75609756,0.04374181,0.4629032,0.59098065,0.0,40.0,0.0,62.0
0.6711413860321045,0.604938268661499,0.6701812744140625,0.6078431606292725,1238,1729353189,,False,1,1310a_00091,2024-10-19_17-53-09,1825.0300738811493,1825.0300738811493,135980,agq009,10.108.101.9,1825.0300738811493,1,0.0001,0.01,0.2,506,0,0,1310a_00091,0.60493827,1.0,0.0,0.75384617,0.047701646,0.5153061,0.6064148,0.0,32.0,0.0,49.0,0.60784316,1.0,0.0,0.75609756,0.04374181,0.45020163,0.5799711,0.0,40.0,0.0,62.0
0.6711815595626831,0.604938268661499,0.6702529788017273,0.6078431606292725,973,1729353310,,False,1,1310a_00092,2024-10-19_17-55-10,1477.3915128707886,1477.3915128707886,142123,agq009,10.108.101.9,1477.3915128707886,1,0.0001,0.01,0.4,506,0,0,1310a_00092,0.60493827,1.0,0.0,0.75384617,0.047701646,0.50510204,0.6033635,0.0,32.0,0.0,49.0,0.60784316,1.0,0.0,0.75609756,0.04374181,0.45020157,0.5779816,0.0,40.0,0.0,62.0
0.6712400913238525,0.604938268661499,0.6703256368637085,0.6078431606292725,972,1729354710,,False,1,1310a_00093,2024-10-19_18-18-30,1489.5021812915802,1489.5021812915802,158146,agq009,10.108.101.9,1489.5021812915802,1,0.0001,0.01,0.6,506,0,0,1310a_00093,0.60493827,1.0,0.0,0.75384617,0.047701646,0.49744898,0.6081859,0.0,32.0,0.0,49.0,0.60784316,1.0,0.0,0.75609756,0.04374181,0.4441532,0.5827502,0.0,40.0,0.0,62.0
0.6713370084762573,0.604938268661499,0.6704458594322205,0.6078431606292725,1236,1729355164,,False,1,1310a_00094,2024-10-19_18-26-04,1819.5540227890015,1819.5540227890015,159928,agq009,10.108.101.9,1819.5540227890015,1,0.0001,0.01,0.8,506,0,0,1310a_00094,0.60493827,1.0,0.0,0.75384617,0.047701646,0.5,0.6099836,0.0,32.0,0.0,49.0,0.60784316,1.0,0.0,0.75609756,0.04374181,0.4497984,0.59236306,0.0,40.0,0.0,62.0
0.6710503697395325,0.604938268661499,0.6700799465179443,0.6078431606292725,8522,1729365001,,False,1,1310a_00095,2024-10-19_21-10-01,11211.054985761642,11211.054985761642,165454,agq009,10.108.101.9,11211.054985761642,1,1e-05,0.01,0.0,506,0,0,1310a_00095,0.60493827,1.0,0.0,0.75384617,0.047701646,0.5401786,0.6148729,0.0,32.0,0.0,49.0,0.60784316,1.0,0.0,0.75609756,0.04374181,0.45947582,0.5847777,0.0,40.0,0.0,62.0
0.6710989475250244,0.604938268661499,0.6701756119728088,0.6078431606292725,6396,1729363292,,False,1,1310a_00096,2024-10-19_20-41-32,8526.489511013031,8526.489511013031,176704,agq009,10.108.101.9,8526.489511013031,1,1e-05,0.01,0.2,506,0,0,1310a_00096,0.60493827,1.0,0.0,0.75384617,0.047701646,0.51466835,0.61366045,0.0,32.0,0.0,49.0,0.60784316,1.0,0.0,0.75609756,0.04374181,0.4550403,0.58879066,0.0,40.0,0.0,62.0
0.6711021661758423,0.604938268661499,0.67018061876297,0.6078431606292725,7072,1729364577,,False,1,1310a_00097,2024-10-19_21-02-57,9387.066250562668,9387.066250562668,181911,agq009,10.108.101.9,9387.066250562668,1,1e-05,0.01,0.4,506,0,0,1310a_00097,0.60493827,1.0,0.0,0.75384617,0.047701646,0.51658165,0.61428624,0.0,32.0,0.0,49.0,0.60784316,1.0,0.0,0.75609756,0.04374181,0.45463708,0.58933794,0.0,40.0,0.0,62.0
0.6711826324462891,0.604938268661499,0.670285701751709,0.6078431606292725,6831,1729364301,,False,1,1310a_00098,2024-10-19_20-58-21,9111.416064977646,9111.416064977646,182429,agq009,10.108.101.9,9111.416064977646,1,1e-05,0.01,0.6,506,0,0,1310a_00098,0.60493827,1.0,0.0,0.75384617,0.047701646,0.5082908,0.6292138,0.0,32.0,0.0,49.0,0.60784316,1.0,0.0,0.75609756,0.04374181,0.45342743,0.59310675,0.0,40.0,0.0,62.0
0.6713264584541321,0.604938268661499,0.6704576015472412,0.6078431606292725,9037,1729375382,,False,1,1310a_00099,2024-10-20_00-03-02,12011.311519384384,12011.311519384384,14631,agq009,10.108.101.9,12011.311519384384,1,1e-05,0.01,0.8,506,0,0,1310a_00099,0.60493827,1.0,0.0,0.75384617,0.047701646,0.5063775,0.6187925,0.0,32.0,0.0,49.0,0.60784316,1.0,0.0,0.75609756,0.04374181,0.45584676,0.5984414,0.0,40.0,0.0,62.0
0.670921802520752,0.604938268661499,0.6696917414665222,0.6078431606292725,4,1729364617,,False,1,1310a_00100,2024-10-19_21-03-37,239.9814269542694,239.9814269542694,27009,agq009,10.108.101.9,239.9814269542694,1,0.1,0.1,0.0,506,0,0,1310a_00100,0.60493827,1.0,0.0,0.75384617,0.047701646,0.5816327,0.62049687,0.0,32.0,0.0,49.0,0.60784316,1.0,0.0,0.75609756,0.04374181,0.51108867,0.6192459,0.0,40.0,0.0,62.0
0.6709148287773132,0.604938268661499,0.6697114109992981,0.6078431606292725,0,1729364858,,False,1,1310a_00101,2024-10-19_21-07-38,228.49199891090393,228.49199891090393,30534,agq009,10.108.101.9,228.49199891090393,1,0.1,0.1,0.2,506,0,0,1310a_00101,0.60493827,1.0,0.0,0.75384617,0.047701646,0.5998087,0.6423607,0.0,32.0,0.0,49.0,0.60784316,1.0,0.0,0.75609756,0.04374181,0.50504035,0.6189956,0.0,40.0,0.0,62.0
0.6709362268447876,0.604938268661499,0.6697298884391785,0.6078431606292725,0,1729364872,,False,1,1310a_00102,2024-10-19_21-07-52,230.4169797897339,230.4169797897339,31361,agq009,10.108.101.9,230.4169797897339,1,0.1,0.1,0.4,506,0,0,1310a_00102,0.60493827,1.0,0.0,0.75384617,0.047701646,0.58609694,0.6297516,0.0,32.0,0.0,49.0,0.60784316,1.0,0.0,0.75609756,0.04374181,0.49697578,0.6138561,0.0,40.0,0.0,62.0
0.6709991097450256,0.604938268661499,0.6698752045631409,0.6078431606292725,4,1729365157,,False,1,1310a_00103,2024-10-19_21-12-37,244.66741347312927,244.66741347312927,34833,agq009,10.108.101.9,244.66741347312927,1,0.1,0.1,0.6,506,0,0,1310a_00103,0.60493827,1.0,0.0,0.75384617,0.047701646,0.5558036,0.63520074,0.0,32.0,0.0,49.0,0.60784316,1.0,0.0,0.75609756,0.04374181,0.4794355,0.6079765,0.0,40.0,0.0,62.0
0.6708943247795105,0.604938268661499,0.6696844696998596,0.6078431606292725,3,1729365157,,False,1,1310a_00104,2024-10-19_21-12-37,244.67411017417908,244.67411017417908,34961,agq009,10.108.101.9,244.67411017417908,1,0.1,0.1,0.8,506,0,0,1310a_00104,0.60493827,1.0,0.0,0.75384617,0.047701646,0.5889668,0.63539207,0.0,32.0,0.0,49.0,0.60784316,1.0,0.0,0.75609756,0.04374181,0.5201613,0.63477975,0.0,40.0,0.0,62.0
0.6723521947860718,0.604938268661499,0.6714277863502502,0.6078431606292725,48,1729365323,,False,1,1310a_00105,2024-10-19_21-15-23,293.245956659317,293.245956659317,37241,agq009,10.108.101.9,293.245956659317,1,0.01,0.1,0.0,506,0,0,1310a_00105,0.60493827,1.0,0.0,0.75384617,0.047701646,0.5666454,0.6191142,0.0,32.0,0.0,49.0,0.60784316,1.0,0.0,0.75609756,0.04374181,0.46008065,0.5832545,0.0,40.0,0.0,62.0
0.6723480224609375,0.604938268661499,0.6714231967926025,0.6078431606292725,48,1729365515,,False,1,1310a_00106,2024-10-19_21-18-35,306.75750207901,306.75750207901,39535,agq009,10.108.101.9,306.75750207901,1,0.01,0.1,0.2,506,0,0,1310a_00106,0.60493827,1.0,0.0,0.75384617,0.047701646,0.5733418,0.61682427,0.0,32.0,0.0,49.0,0.60784316,1.0,0.0,0.75609756,0.04374181,0.4808468,0.5930468,0.0,40.0,0.0,62.0
0.6723690032958984,0.604938268661499,0.6714463829994202,0.6078431606292725,48,1729365515,,False,1,1310a_00107,2024-10-19_21-18-35,306.7840962409973,306.7840962409973,39536,agq009,10.108.101.9,306.7840962409973,1,0.01,0.1,0.4,506,0,0,1310a_00107,0.60493827,1.0,0.0,0.75384617,0.047701646,0.5717474,0.622442,0.0,32.0,0.0,49.0,0.60784316,1.0,0.0,0.75609756,0.04374181,0.4637097,0.5826324,0.0,40.0,0.0,62.0
0.6723899841308594,0.604938268661499,0.671470046043396,0.6078431606292725,48,1729365653,,False,1,1310a_00108,2024-10-19_21-20-53,298.25033235549927,298.25033235549927,41897,agq009,10.108.101.9,298.25033235549927,1,0.01,0.1,0.6,506,0,0,1310a_00108,0.60493827,1.0,0.0,0.75384617,0.047701646,0.575574,0.62622595,0.0,32.0,0.0,49.0,0.60784316,1.0,0.0,0.75609756,0.04374181,0.4778226,0.59629095,0.0,40.0,0.0,62.0
0.6723816990852356,0.604938268661499,0.6714609265327454,0.6078431606292725,49,1729365849,,False,1,1310a_00109,2024-10-19_21-24-09,301.8846137523651,301.8846137523651,44859,agq009,10.108.101.9,301.8846137523651,1,0.01,0.1,0.8,506,0,0,1310a_00109,0.60493827,1.0,0.0,0.75384617,0.047701646,0.58992344,0.6339263,0.0,32.0,0.0,49.0,0.60784316,1.0,0.0,0.75609756,0.04374181,0.49919355,0.61864614,0.0,40.0,0.0,62.0
0.6757140755653381,0.604938268661499,0.6751275658607483,0.6078431606292725,52,1729365849,,False,1,1310a_00110,2024-10-19_21-24-09,302.270546913147,302.270546913147,44920,agq009,10.108.101.9,302.270546913147,1,0.001,0.1,0.0,506,0,0,1310a_00110,0.60493827,1.0,0.0,0.75384617,0.047701646,0.44642857,0.5703756,0.0,32.0,0.0,49.0,0.60784316,1.0,0.0,0.75609756,0.04374181,0.41995966,0.5495911,0.0,40.0,0.0,62.0
0.6754725575447083,0.604938268661499,0.6748678684234619,0.6078431606292725,57,1729365997,,False,1,1310a_00111,2024-10-19_21-26-37,313.32521390914917,313.32521390914917,46915,agq009,10.108.101.9,313.32521390914917,1,0.001,0.1,0.2,506,0,0,1310a_00111,0.60493827,1.0,0.0,0.75384617,0.047701646,0.44132656,0.5666313,0.0,32.0,0.0,49.0,0.60784316,1.0,0.0,0.75609756,0.04374181,0.41633064,0.53958327,0.0,40.0,0.0,62.0
0.6755273938179016,0.604938268661499,0.6749217510223389,0.6078431606292725,64,1729366220,,False,1,1310a_00112,2024-10-19_21-30-20,339.22716879844666,339.22716879844666,49885,agq009,10.108.101.9,339.22716879844666,1,0.001,0.1,0.4,506,0,0,1310a_00112,0.60493827,1.0,0.0,0.75384617,0.047701646,0.44770408,0.5650127,0.0,32.0,0.0,49.0,0.60784316,1.0,0.0,0.75609756,0.04374181,0.41673386,0.53849906,0.0,40.0,0.0,62.0
0.6754177808761597,0.604938268661499,0.6748068332672119,0.6078431606292725,61,1729366209,,False,1,1310a_00113,2024-10-19_21-30-09,328.0899600982666,328.0899600982666,49886,agq009,10.108.101.9,328.0899600982666,1,0.001,0.1,0.6,506,0,0,1310a_00113,0.60493827,1.0,0.0,0.75384617,0.047701646,0.44642854,0.56800264,0.0,32.0,0.0,49.0,0.60784316,1.0,0.0,0.75609756,0.04374181,0.4143145,0.5397763,0.0,40.0,0.0,62.0
0.675805389881134,0.604938268661499,0.6752225160598755,0.6078431606292725,68,1729366390,,False,1,1310a_00114,2024-10-19_21-33-10,342.0455689430237,342.0455689430237,52224,agq009,10.108.101.9,342.0455689430237,1,0.001,0.1,0.8,506,0,0,1310a_00114,0.60493827,1.0,0.0,0.75384617,0.047701646,0.45854595,0.5813813,0.0,32.0,0.0,49.0,0.60784316,1.0,0.0,0.75609756,0.04374181,0.4183468,0.54302955,0.0,40.0,0.0,62.0
0.6763257384300232,0.604938268661499,0.6757577657699585,0.6078431606292725,828,1729367566,,False,1,1310a_00115,2024-10-19_21-52-46,1324.4223053455353,1324.4223053455353,55152,agq009,10.108.101.9,1324.4223053455353,1,0.0001,0.1,0.0,506,0,0,1310a_00115,0.60493827,1.0,0.0,0.75384617,0.047701646,0.4703444,0.5761831,0.0,32.0,0.0,49.0,0.60784316,1.0,0.0,0.75609756,0.04374181,0.42721772,0.5376364,0.0,40.0,0.0,62.0
0.6761359572410583,0.604938268661499,0.675556480884552,0.6078431606292725,743,1729367454,,False,1,1310a_00116,2024-10-19_21-50-54,1212.7506370544434,1212.7506370544434,55265,agq009,10.108.101.9,1212.7506370544434,1,0.0001,0.1,0.2,506,0,0,1310a_00116,0.60493827,1.0,0.0,0.75384617,0.047701646,0.44260207,0.5686698,0.0,32.0,0.0,49.0,0.60784316,1.0,0.0,0.75609756,0.04374181,0.40907258,0.5322262,0.0,40.0,0.0,62.0
0.6758805513381958,0.604938268661499,0.6752805709838867,0.6078431606292725,842,1729367758,,False,1,1310a_00117,2024-10-19_21-55-58,1335.8170592784882,1335.8170592784882,57898,agq009,10.108.101.9,1335.8170592784882,1,0.0001,0.1,0.4,506,0,0,1310a_00117,0.60493827,1.0,0.0,0.75384617,0.047701646,0.44770408,0.56721175,0.0,32.0,0.0,49.0,0.60784316,1.0,0.0,0.75609756,0.04374181,0.41310483,0.5337872,0.0,40.0,0.0,62.0
0.6759685277938843,0.604938268661499,0.6753780841827393,0.6078431606292725,841,1729368822,,False,1,1310a_00118,2024-10-19_22-13-42,1336.7888498306274,1336.7888498306274,70218,agq009,10.108.101.9,1336.7888498306274,1,0.0001,0.1,0.6,506,0,0,1310a_00118,0.60493827,1.0,0.0,0.75384617,0.047701646,0.44770408,0.56751496,0.0,32.0,0.0,49.0,0.60784316,1.0,0.0,0.75609756,0.04374181,0.41431454,0.5369214,0.0,40.0,0.0,62.0
0.6763502359390259,0.604938268661499,0.675778329372406,0.6078431606292725,1009,1729369152,,False,1,1310a_00119,2024-10-19_22-19-12,1555.3174860477448,1555.3174860477448,71994,agq009,10.108.101.9,1555.3174860477448,1,0.0001,0.1,0.8,506,0,0,1310a_00119,0.60493827,1.0,0.0,0.75384617,0.047701646,0.4464286,0.5724753,0.0,32.0,0.0,49.0,0.60784316,1.0,0.0,0.75609756,0.04374181,0.40967742,0.53613925,0.0,40.0,0.0,62.0
0.6757771372795105,0.604938268661499,0.6751870512962341,0.6078431606292725,6986,1729377155,,False,1,1310a_00120,2024-10-20_00-32-35,9365.606793165207,9365.606793165207,74468,agq009,10.108.101.9,9365.606793165207,1,1e-05,0.1,0.0,506,0,0,1310a_00120,0.60493827,1.0,0.0,0.75384617,0.047701646,0.47895408,0.5786072,0.0,32.0,0.0,49.0,0.60784316,1.0,0.0,0.75609756,0.04374181,0.4324597,0.53917015,0.0,40.0,0.0,62.0
0.6755938529968262,0.604938268661499,0.6749937534332275,0.6078431606292725,6621,1729377783,,False,1,1310a_00121,2024-10-20_00-43-03,8929.46384382248,8929.46384382248,87119,agq009,10.108.101.9,8929.46384382248,1,1e-05,0.1,0.2,506,0,0,1310a_00121,0.60493827,1.0,0.0,0.75384617,0.047701646,0.45727038,0.56955606,0.0,32.0,0.0,49.0,0.60784316,1.0,0.0,0.75609756,0.04374181,0.41794354,0.53331053,0.0,40.0,0.0,62.0
0.6754804849624634,0.604938268661499,0.6748684644699097,0.6078431606292725,7074,1729378591,,False,1,1310a_00122,2024-10-20_00-56-31,9407.633714199066,9407.633714199066,91268,agq009,10.108.101.9,9407.633714199066,1,1e-05,0.1,0.4,506,0,0,1310a_00122,0.60493827,1.0,0.0,0.75384617,0.047701646,0.45695153,0.56890965,0.0,32.0,0.0,49.0,0.60784316,1.0,0.0,0.75609756,0.04374181,0.41995963,0.53471625,0.0,40.0,0.0,62.0
0.6756062507629395,0.604938268661499,0.6750057935714722,0.6078431606292725,7094,1729383621,,False,1,1310a_00123,2024-10-20_02-20-21,8172.496555089951,8172.496555089951,162376,agq009,10.108.101.9,8172.496555089951,1,1e-05,0.1,0.6,506,0,0,1310a_00123,0.60493827,1.0,0.0,0.75384617,0.047701646,0.46109697,0.5707835,0.0,32.0,0.0,49.0,0.60784316,1.0,0.0,0.75609756,0.04374181,0.42278224,0.53831744,0.0,40.0,0.0,62.0
0.6760727167129517,0.604938268661499,0.6754992008209229,0.6078431606292725,7880,1729385573,,False,1,1310a_00124,2024-10-20_02-52-53,8386.155242919922,8386.155242919922,182832,agq009,10.108.101.9,8386.155242919922,1,1e-05,0.1,0.8,506,0,0,1310a_00124,0.60493827,1.0,0.0,0.75384617,0.047701646,0.45057395,0.56987745,0.0,32.0,0.0,49.0,0.60784316,1.0,0.0,0.75609756,0.04374181,0.41673386,0.5395974,0.0,40.0,0.0,62.0
